ID,Tract,latitude,longitude
1220,251500.0,41.8890662836406,-87.76341292076268
1217,251500.0,41.88785711707749,-87.75611192191508
1216,430900.0,41.76235730529328,-87.58573271527348
1215,730500.0,41.72145087782269,-87.63388500057607
1214,71500.0,41.913359313787396,-87.63314527151152
1213,360200.0,41.8275822352478,-87.61153911516595
1212,120200.0,42.00013766174533,-87.76567507883368
1211,150200.0,41.95544156867743,-87.75220692937381
1210,470100.0,41.7320625456544,-87.6021595830394
1219,30400.0,41.983518375402696,-87.67052169488204
1218,681200.0,41.76531119678111,-87.64106602613782
1107,60200.0,41.958762026552506,-87.67240663672476
1106,231200.0,41.90262985176969,-87.72470208492405
2,840200.0,41.84135879880796,-87.6496140309946
1226,100300.0,41.989956841384355,-87.80580578648443
3,340500.0,41.83435138777162,-87.63514904173263
1225,681200.0,41.77247349362068,-87.64093431514522
4,835500.0,41.81252900577755,-87.63539283824105
1103,231100.0,41.90142770953452,-87.71467418312108
1224,81402.0,41.892610625752695,-87.6161307509085
5,611400.0,41.80304072137835,-87.66980173673011
1102,271300.0,41.87614802307178,-87.70974683684307
1223,100300.0,41.992499537957315,-87.80555149635825
6,460200.0,41.74461686921046,-87.55024799522266
1222,100300.0,41.98732795184702,-87.80393777105621
7,611900.0,41.79953486570764,-87.65754738998271
1100,51100.0,41.939626434271815,-87.67870943517954
8,834900.0,41.77591783708249,-87.65447617221906
9,681300.0,41.76343250013292,-87.63743770114849
1109,251600.0,41.88871312487794,-87.74927859390175
1108,841700.0,41.85298485071098,-87.71023731843104
1121,600400.0,41.838140139750976,-87.64334229880126
1242,81300.0,41.89679914397226,-87.62352112172897
1120,292200.0,41.8572404502101,-87.71160652257817
1118,500300.0,41.68925547321584,-87.60584555056056
1239,81202.0,41.901661557266095,-87.62785700370608
1238,100200.0,41.99205473358461,-87.79865796093219
1116,230500.0,41.91109325235254,-87.72751446930846
1237,500300.0,41.69166850607775,-87.6100222975627
1115,62900.0,41.938656515735204,-87.65520438649861
1114,290900.0,41.865024442693425,-87.72995387882196
1113,310200.0,41.85945488367588,-87.64200172596924
1112,835800.0,41.815680240042184,-87.62130578668263
1111,400400.0,41.79227281580722,-87.6207064812063
1119,110502.0,41.96802243871349,-87.7527113891469
1011,640700.0,41.776060466405056,-87.75243311333918
1132,530300.0,41.6824033431717,-87.64700245964383
1253,10300.0,42.017251420163745,-87.6635993461249
1010,390600.0,41.8042603135961,-87.59458963553766
1130,222900.0,41.91400505046272,-87.71797105387634
1251,10400.0,42.0047098384718,-87.65804103015927
1008,670300.0,41.787941864923084,-87.66920030754108
1129,660800.0,41.77373450090363,-87.68970413457623
1128,833300.0,41.870962227651546,-87.6523345505442
1006,242200.0,41.896806849958125,-87.67431258991121
1127,838700.0,41.86410344682838,-87.71649904616771
1248,10400.0,42.00264640321802,-87.65818548406605
1005,491000.0,41.705299053194494,-87.63121731074102
1126,510300.0,41.72061436717951,-87.57283848989579
1004,510200.0,41.71806220554299,-87.56457214568366
1003,230400.0,41.91254262220832,-87.72389309727242
1124,60300.0,41.9498453251303,-87.67022789479972
1002,31400.0,41.963728428542424,-87.64989118071759
1123,20400.0,42.00868616070562,-87.6868448957373
1244,81000.0,41.89984767870624,-87.63125397292845
1001,000nan,,
1122,510300.0,41.71271069503592,-87.56812542981527
1022,310900.0,41.85222555221492,-87.67643356655168
1143,70500.0,41.92806826564413,-87.65861605820737
1021,842100.0,41.898771943941654,-87.73766916290231
1020,839600.0,41.82710956929981,-87.62053986671981
1141,130200.0,41.983443834090906,-87.72852594274798
1262,10100.0,42.02102430565134,-87.66503838605666
1261,10400.0,42.00563242187866,-87.65878835878414
1260,10400.0,42.00377780630589,-87.65815889695017
1019,832600.0,41.91702196707263,-87.65530431083471
1018,600900.0,41.835361272436955,-87.65587599894354
1139,251700.0,41.89147139777407,-87.74365119495138
1017,71000.0,41.92282237549409,-87.65724309946921
1138,231500.0,41.892118381048306,-87.72469239497656
1016,620200.0,41.79489987064312,-87.73208565211559
1137,660700.0,41.77667733675628,-87.68092728606922
1258,10100.0,42.0218139654861,-87.6653619236285
1015,242800.0,41.89167201755333,-87.68983295794555
1257,10300.0,42.01618018325229,-87.66371933817027
1014,834600.0,41.79079105627295,-87.63398166780462
1135,63000.0,41.93535182630535,-87.6516039502493
1256,10100.0,42.0193484198262,-87.66396384834974
1013,10300.0,42.01290354391716,-87.6625665954561
1255,30103.0,41.995107812154856,-87.65546590447701
1012,000nan,,
1133,210700.0,41.93727317408366,-87.7019262184985
1033,381800.0,41.80545314472704,-87.61812910137292
1154,420800.0,41.778257695730645,-87.60048228615739
1275,430300.0,41.76772711186669,-87.5894173101097
1032,220300.0,41.92531675586213,-87.69506481873282
1274,836300.0,41.80216402304558,-87.59972475585164
1031,40201.0,41.9686047235644,-87.69662895736309
1273,380100.0,41.81848096497259,-87.61037992688858
1030,842900.0,41.864779049774086,-87.65873892018664
1151,100500.0,41.97724627947457,-87.80806657390781
1272,410600.0,41.79877157353155,-87.59670370737581
1150,243000.0,41.8948898505779,-87.67954720589518
1270,70400.0,41.92891689503716,-87.65577849247921
1029,839900.0,41.828511785894705,-87.6477560789292
1028,611600.0,41.796932152122736,-87.67793538986166
1149,836800.0,41.887568649301215,-87.71356206874492
1027,241500.0,41.90698470453947,-87.67067211785462
1148,70700.0,41.925787951216705,-87.66941414161022
1026,252202.0,41.87684485708468,-87.74086475174943
1147,210100.0,41.94512463038404,-87.70295562517492
1268,420300.0,41.785515855713356,-87.59639754198355
1025,842600.0,41.81892086150458,-87.64179163515303
1267,710100.0,41.754272814082924,-87.6399321171586
1024,600600.0,41.839197415464014,-87.6536233985272
1145,62000.0,41.94359388283402,-87.64708206112243
600,838800.0,41.67359983427258,-87.57528355315213
1265,30101.0,41.990150743314985,-87.6561900154282
601,170100.0,41.95280243889994,-87.80183556933036
602,260200.0,41.88077953713935,-87.72593780946994
1044,843800.0,41.799732785540016,-87.64156929394812
1165,242400.0,41.89779316863729,-87.68681529975208
1286,700402.0,41.73504747132978,-87.71421951957109
1043,10100.0,42.02054489874092,-87.67064918032338
1164,260200.0,41.8833847161269,-87.72882764744321
1042,200100.0,41.934643127958225,-87.73378629761265
1284,840400.0,41.83689627275402,-87.66698095000822
1041,530100.0,41.67987088401554,-87.61633632397934
1162,839900.0,41.82903153619014,-87.64248436640628
1283,221100.0,41.918768341279645,-87.71020983615165
1161,210900.0,41.934676600159946,-87.69517696390278
1040,836700.0,41.895483852053474,-87.70785219821681
1281,50600.0,41.953323583922895,-87.67527421170507
1280,191301.0,41.91870029852703,-87.7766824046098
1039,230600.0,41.906299442785496,-87.72912064406148
1159,310600.0,41.857591449886,-87.65878768036634
1038,100100.0,41.99250374128587,-87.77905984567565
1037,81800.0,41.898855605596,-87.63950240956098
1279,30703.0,41.9784821219921,-87.65779622082806
1036,840300.0,41.83192635460074,-87.6789165440947
1278,570100.0,41.81154986708566,-87.71948460221029
1035,271200.0,41.875852376983914,-87.70274430718302
1277,832500.0,41.921838107827796,-87.66328062766473
1155,840100.0,41.84235266051735,-87.64143376063066
1276,63100.0,41.93996505627848,-87.64530643809894
1055,630600.0,41.80200528650664,-87.68151515852264
1054,560900.0,41.79781970765282,-87.78842778044401
1053,672000.0,41.76116787285929,-87.66763190980504
1052,720500.0,41.70263030630048,-87.68678471844987
1051,680500.0,41.79001201944999,-87.65468921941886
1050,252201.0,41.87845518050898,-87.75152374655062
1049,691000.0,41.76495119130982,-87.61533356127393
1048,691100.0,41.76177048152982,-87.62777333735721
500,260900.0,41.87198955556619,-87.72300771812422
1047,832900.0,41.871711905341556,-87.66466564698612
1168,70200.0,41.929035842964595,-87.64782076887008
501,190100.0,41.93880084668899,-87.7445047353549
1046,711300.0,41.73572212542109,-87.66352849810926
1288,600700.0,41.84435993110918,-87.66054533315332
502,843200.0,41.842200214426214,-87.6657583345484
1045,240600.0,41.91049714574814,-87.69097220983883
1287,510300.0,41.722463406140776,-87.5658225361127
503,000nan,,
504,836500.0,41.825055701746805,-87.60385015251751
505,640500.0,41.777259877425536,-87.79961154093985
506,10100.0,42.0213571027104,-87.67315427065745
507,330102.0,41.86298408312604,-87.6258036166862
509,710700.0,41.750500465526386,-87.65745205322122
1066,300700.0,41.847833521533005,-87.7113041623407
1065,838000.0,41.878723444832644,-87.68113515016
1064,260300.0,41.88545059624795,-87.73555325782092
1063,612200.0,41.804460240788785,-87.65764210361584
1062,840400.0,41.833188276987585,-87.66671821426422
1061,830600.0,41.99904218011835,-87.66927672919996
1060,740300.0,41.69860403318677,-87.70235925791758
510,838200.0,41.8722731317614,-87.67983693593408
511,81800.0,41.89280734933857,-87.64102543771719
1058,520200.0,41.72039737850929,-87.53778355616595
512,832300.0,41.91438846833387,-87.66788128961304
1057,10701.0,42.00895824495177,-87.67876576151326
513,330102.0,41.86407274101094,-87.62248334108
1056,831100.0,41.940915845119775,-87.72288568893134
514,230700.0,41.906939078745324,-87.71797983137924
515,843000.0,41.86991174750278,-87.71383671876055
516,843200.0,41.839255782173325,-87.66586277105
517,30601.0,41.989660854021054,-87.6554488417255
518,10100.0,42.02258841982285,-87.67379413471104
519,844700.0,41.85396570852731,-87.71247770176143
1077,830600.0,42.00172739613498,-87.67392490990846
1074,70600.0,41.92758404941452,-87.66589871671829
1073,430900.0,41.76168286782138,-87.58363347372114
1072,520300.0,41.69907687668962,-87.54358596817178
1071,839700.0,41.83162028009366,-87.65432746759154
1070,301200.0,41.84591806975146,-87.6927513514396
520,242200.0,41.898554082760995,-87.67353919990444
400,282800.0,41.87310059265536,-87.68461536279665
521,60100.0,41.95713665973307,-87.66535624903258
522,62600.0,41.933213135995004,-87.67119035535973
1069,730100.0,41.72693903629545,-87.63918398436368
402,40402.0,41.9687602808591,-87.68250437102006
523,000nan,,
1068,612200.0,41.80159373424698,-87.64896537216464
403,671300.0,41.77481684218702,-87.67129761356733
524,420400.0,41.7822088333275,-87.6044226938696
1067,510100.0,41.717344465618964,-87.55592754673756
404,611200.0,41.80577843006938,-87.66253847200187
405,834300.0,41.74958614905654,-87.59635188774735
526,20702.0,41.990454980493894,-87.70697917900799
527,000nan,,
407,842100.0,41.89459106168863,-87.72613805769629
528,650301.0,41.77782990452249,-87.73502277577302
408,570400.0,41.803070407845325,-87.72207949815942
529,240500.0,41.912601847684755,-87.68204911189275
1080,550100.0,41.6516770431827,-87.53737811890852
1087,231500.0,41.89403399689775,-87.71619540660578
1086,680600.0,41.782091392726954,-87.65084344262601
1085,31100.0,41.974657584467934,-87.66113173907235
1084,32100.0,41.958362452519054,-87.65530360077355
1083,411200.0,41.792854758601266,-87.59317299163416
530,000nan,,
531,840200.0,41.84256636180885,-87.6464673226049
532,836400.0,41.81961588543169,-87.60051848517924
412,831000.0,41.915270776525915,-87.67748931361655
533,130100.0,41.984969388921286,-87.72841744273222
534,291200.0,41.864055100894745,-87.71299013214332
1079,520300.0,41.70349940922398,-87.53656853817398
414,230600.0,41.90260716951559,-87.73380773600212
535,832600.0,41.91606837185168,-87.64900120613606
1078,30900.0,41.977188641949056,-87.66956320504397
1199,691500.0,41.75795468875583,-87.59921172559211
415,680900.0,41.77803522747081,-87.63411239954127
536,000nan,,
416,251800.0,41.883103856052855,-87.75170459215747
537,281900.0,41.87933120896213,-87.64271842845568
417,251400.0,41.892775127933646,-87.7736176633864
538,000nan,,
539,221100.0,41.92213597593502,-87.70756098956736
419,440300.0,41.7490999243621,-87.6228720835249
1091,832600.0,41.91309540431837,-87.65244629228692
1090,20901.0,41.99332058283528,-87.68860243324838
1098,834700.0,41.79238778152592,-87.64396862045936
1097,210100.0,41.94395001713525,-87.7064626764294
1094,691500.0,41.75802189177921,-87.59921332565733
1093,250200.0,41.9113577882531,-87.74939295812953
1092,251200.0,41.90212384146355,-87.76173634900266
540,000nan,,
420,30800.0,41.98277877377831,-87.6613991757178
541,320400.0,41.87812361734893,-87.62759728275563
421,612100.0,41.79778785751358,-87.64532323281895
542,833100.0,41.8802094858537,-87.65073838130479
422,271300.0,41.87495917481232,-87.70603261081686
543,839000.0,41.8741750012864,-87.62973491286732
423,71200.0,41.91905238874233,-87.64725577081259
544,831900.0,41.94561922289802,-87.67289591666218
424,140500.0,41.96786252691447,-87.72809327223723
425,70300.0,41.930079686813656,-87.65369345060878
546,000nan,,
1089,841500.0,41.86026099175075,-87.70907260543407
305,560200.0,41.81303636062529,-87.7526278818998
426,580200.0,41.829893029240395,-87.69832091459625
547,330101.0,41.857886785159565,-87.6195489899859
306,10202.0,42.017288481578134,-87.67040392067531
427,120400.0,41.9688691139213,-87.74828060138805
307,640300.0,41.78441012017555,-87.76205964595943
428,20500.0,42.00177810717372,-87.68991074590934
549,830900.0,41.92883193015456,-87.69091437106442
308,231200.0,41.9020354599582,-87.72620662763802
429,430102.0,41.77250114479017,-87.56653901600112
309,630900.0,41.790550295170874,-87.71090166595985
550,330103.0,41.857846737202806,-87.62216565885922
430,251600.0,41.89218058695485,-87.75435371807635
551,280100.0,41.88821471084219,-87.64423686751246
431,832400.0,41.91488020587968,-87.6911209603652
552,190200.0,41.938736438779586,-87.74941679301895
432,836600.0,41.89637485206168,-87.7107384575138
553,843500.0,41.840915515250174,-87.70011029046213
433,220400.0,41.92727237915403,-87.70231027337263
554,222600.0,41.91400283636665,-87.70509439483425
434,834200.0,41.755048150384425,-87.59039510354643
555,000nan,,
435,30800.0,41.980026378239586,-87.66004569037347
556,830900.0,41.92818984553213,-87.69127866311482
436,842500.0,41.774618256333326,-87.62849293331016
557,20200.0,42.01465565083822,-87.70869162978829
437,670100.0,41.79131506731943,-87.65958313248831
558,720600.0,41.70075006871065,-87.68136516854901
559,30102.0,41.99392283529278,-87.65542911896512
560,81800.0,41.89658843941834,-87.63885044946869
440,834700.0,41.79286055821984,-87.64641263007326
561,330103.0,41.85983468587358,-87.62557965239978
320,730100.0,41.72550000154666,-87.63477765914877
441,671500.0,41.76762978861984,-87.67352780625743
562,000nan,,
321,380600.0,41.81764231414985,-87.624603781529
563,550200.0,41.6591348844492,-87.55936098215716
201,250800.0,41.90467577416939,-87.7557554525302
322,836000.0,41.81297638890669,-87.61516736350632
443,842600.0,41.81334155489179,-87.64452804915447
564,838800.0,41.6859642952553,-87.57639001706406
202,290900.0,41.86150852448259,-87.73352003218372
323,380600.0,41.821052882723336,-87.61999026654644
565,838800.0,41.68384881649848,-87.5594402629568
203,000nan,,
324,390100.0,41.81392578939949,-87.59534099795235
566,000nan,,
204,836800.0,41.881609789470076,-87.71589645010044
325,836400.0,41.82083557749161,-87.60320724578912
446,750100.0,41.69586732793573,-87.65712748828042
567,831000.0,41.91358861940671,-87.68231339538983
205,833300.0,41.871536278241365,-87.65429318769321
326,834400.0,41.77815106256793,-87.59309568792611
447,63000.0,41.93903230628746,-87.6521986558289
568,40100.0,41.983224515925826,-87.68937255953023
206,837400.0,41.87471680961471,-87.69364589606403
448,380600.0,41.81868678578843,-87.6264072418769
569,833100.0,41.880326049167365,-87.66095409136364
207,251400.0,41.887819687019146,-87.76632520756596
328,420200.0,41.78292026445001,-87.59147915032776
449,62600.0,41.93685768028092,-87.6721130159525
208,842300.0,41.896243850848066,-87.66013469067207
329,420800.0,41.78021700979292,-87.60296033252541
209,252101.0,41.873765897661656,-87.76469934449005
570,62300.0,41.941693052087885,-87.66033943303052
450,10502.0,42.00444369714967,-87.66274038951633
571,600700.0,41.84284614071163,-87.6635370138136
451,841100.0,41.84826744747585,-87.63477666746422
572,000nan,,
210,833000.0,41.884932021777786,-87.66473232325177
331,834400.0,41.77499983399417,-87.59615168837922
452,130100.0,41.984969388921286,-87.72841744273222
573,500300.0,41.68555752042687,-87.6054464829607
211,833100.0,41.88022354908304,-87.66030125652196
332,271800.0,41.87008788701627,-87.69712719112772
453,301600.0,41.84160124042103,-87.71113036654083
574,280800.0,41.87757694093119,-87.68906282459795
212,300600.0,41.849887451743825,-87.7165205377056
333,837300.0,41.87282298701501,-87.70705195413541
213,310900.0,41.85713063473804,-87.67116082495102
334,710200.0,41.756001873012906,-87.65437987350731
455,221600.0,41.92278063383168,-87.68521212069885
576,000nan,,
214,241400.0,41.9074458577399,-87.67730285809097
335,120200.0,41.99986018520599,-87.76280290525835
577,750500.0,41.68437822778628,-87.68084681237542
215,832900.0,41.87227941640441,-87.65873681505485
336,420200.0,41.78229880721966,-87.59476116125182
457,843700.0,41.94634192312003,-87.694206037404
578,280400.0,41.88403162489544,-87.67600250292287
216,310500.0,41.85516661558023,-87.65468928639888
337,834400.0,41.77786398388281,-87.59466692332285
217,241600.0,41.90698584763294,-87.66386375066025
338,837100.0,41.88639385340247,-87.70413221022352
459,431400.0,41.762308647788416,-87.55879040978283
218,843100.0,41.86511582038656,-87.70203974846783
339,835800.0,41.81575958529061,-87.61824868156674
219,240900.0,41.90548790849027,-87.70162525129632
580,170100.0,41.9539740210397,-87.79648539981298
581,750500.0,41.68286914138753,-87.67900544321122
340,834400.0,41.77417822338725,-87.59856842164379
582,720100.0,41.725707134217146,-87.66645846635322
462,30601.0,41.98953398057313,-87.66017366559618
583,510100.0,41.71172710314818,-87.55237933317005
100,70101.0,41.92580247323582,-87.63372065338513
584,530200.0,41.678050476234944,-87.6255459266996
343,830700.0,41.966414403602926,-87.65612212107789
464,120100.0,41.99452089087845,-87.77042701431753
585,660302.0,41.783590813312514,-87.699533667575
344,837400.0,41.871136446861954,-87.69423819598114
465,839000.0,41.870197201553765,-87.62946817443208
586,661000.0,41.76262004497431,-87.68693573856672
103,31800.0,41.96753038702167,-87.66933352289112
466,839000.0,41.86751844387055,-87.62931785681701
587,490200.0,41.72206399372578,-87.60757132993791
104,000nan,,
225,530503.0,41.67059188639888,-87.63053278897036
588,500200.0,41.704546706974156,-87.60400582935301
105,80100.0,41.90508546328209,-87.62705127324631
347,291200.0,41.86089948360427,-87.71171372095688
468,620300.0,41.79132071314808,-87.73696902687607
589,491000.0,41.69336848341584,-87.62859614507977
106,51400.0,41.93655567343757,-87.68061656463186
227,30500.0,41.98799548550238,-87.66708912287896
348,31700.0,41.96621813390249,-87.66261447518542
107,81300.0,41.89680839615153,-87.62292204103619
228,160602.0,41.96119855144383,-87.69776056891084
108,838300.0,41.90265047936657,-87.6396968810725
229,170600.0,41.94420453223722,-87.82719645074599
109,842200.0,41.90507584613198,-87.64524306252645
590,380600.0,41.82297577416199,-87.6216592500445
591,836500.0,41.82478856815777,-87.60385959409967
592,380100.0,41.81920348766846,-87.61354417049483
230,301803.0,41.8368824546838,-87.72929012708954
351,843600.0,41.81081420018671,-87.6101714877367
472,760801.0,41.97808483821825,-87.83899087823869
593,140500.0,41.96372053354236,-87.73162537468511
110,40900.0,41.96310638117518,-87.68683269478248
231,430800.0,41.758933459570244,-87.57606446921682
352,310200.0,41.85666685527519,-87.64624457974872
594,839800.0,41.83639253418386,-87.64616024520211
232,460400.0,41.74634031196928,-87.5653756485097
353,838700.0,41.86178465285377,-87.72023940617106
474,841500.0,41.862435857658,-87.70685316201121
595,000nan,,
233,560300.0,41.802111945207855,-87.74987415923545
354,841800.0,41.76118119957522,-87.60428910929892
596,842800.0,41.806017709312016,-87.68443186599302
355,838700.0,41.86145205491118,-87.72374367403785
234,640300.0,41.78067768802839,-87.77656610408877
476,000nan,,
597,838800.0,41.668908055153054,-87.55933286869788
235,730400.0,41.72127876105509,-87.6475504971553
477,81403.0,41.890626419153136,-87.62016623471118
598,842200.0,41.9104895512819,-87.64349116552671
115,10400.0,42.01045754955845,-87.66196771795518
236,730700.0,41.7026589575587,-87.64764123704458
478,826700.0,41.62990159684648,-87.63264458978273
599,30400.0,41.9858592884176,-87.67113503156855
237,480100.0,41.73532646347434,-87.57317550063237
479,330200.0,41.86658785539868,-87.62857348656411
359,290900.0,41.86038631360975,-87.72752052737451
238,000nan,,
239,710500.0,41.74653321167807,-87.67312014399357
10,660900.0,41.77082996908763,-87.70303003603419
11,520100.0,41.718475782420626,-87.53067765267582
12,833900.0,41.73309367332263,-87.55555310621531
13,490901.0,41.692712176072234,-87.61818549528431
14,610300.0,41.81346653851028,-87.66640277756557
15,691500.0,41.755602650724256,-87.6015727676197
16,838800.0,41.704633952743336,-87.5655738853107
17,550100.0,41.65911205300455,-87.54941571203443
18,440900.0,41.73100887496025,-87.61187999468842
19,843900.0,41.77870972615051,-87.58634130317762
480,330200.0,41.86198031690748,-87.62942639179835
360,330103.0,41.858575579470084,-87.62706275502592
481,841900.0,41.8578254458871,-87.63569017773949
240,20200.0,42.01496809993199,-87.69722209955586
361,261000.0,41.869110727779855,-87.72826464319502
482,430500.0,41.765978932132214,-87.57990706353581
120,220702.0,41.93050070935294,-87.7233530026063
241,20701.0,41.987354129288576,-87.70216121233301
362,390200.0,41.81246613368762,-87.59939962799234
121,180100.0,41.9349326493699,-87.79567116513721
242,700502.0,41.73875679872327,-87.69763466022397
363,000nan,,
484,650500.0,41.77107687525819,-87.74153905121892
122,191100.0,41.92247500069459,-87.75125315228024
243,670500.0,41.783803282424856,-87.67409981465914
364,832100.0,41.95267883904853,-87.65013817712116
485,390200.0,41.81457234972248,-87.5972584042778
123,190601.0,41.92384652308999,-87.77822694205696
244,500100.0,41.707543469953634,-87.60383789150006
365,71600.0,41.916410776445446,-87.6417167336864
486,40402.0,41.972387667846704,-87.68409286247947
124,230300.0,41.91108413184094,-87.71504018691832
245,650301.0,41.774892873871124,-87.72836480620339
366,120200.0,41.99190207568637,-87.75246280100288
487,31700.0,41.962383517897706,-87.66090082881459
125,200401.0,41.9213304910715,-87.73898709278052
246,10202.0,42.015486155569704,-87.67254250788665
488,830700.0,41.95451243050519,-87.65682623459736
126,200200.0,41.92853259034189,-87.73767974939494
247,620300.0,41.78729552934141,-87.73270958999711
368,480500.0,41.72558241035955,-87.5621031956801
127,831600.0,41.921203444062144,-87.79761935188623
248,520600.0,41.68552670220106,-87.53654845832597
128,220901.0,41.918183101771945,-87.72299473792447
249,842400.0,41.744235716129424,-87.63162801872011
129,250400.0,41.91289932550012,-87.78062478538868
21,400300.0,41.79376293920183,-87.61587641819955
22,835100.0,41.79376586831461,-87.68666307696418
23,590500.0,41.823134346921506,-87.67785672874288
24,320101.0,41.88425184910852,-87.62039242122415
26,000nan,,
27,330101.0,41.86491985227599,-87.61774663602205
29,834300.0,41.74400996628788,-87.59696024297477
490,720200.0,41.72078654974763,-87.66749240111244
370,560900.0,41.798827657594416,-87.79671715506612
250,570300.0,41.80381103502549,-87.73563283127908
371,640400.0,41.784718200441205,-87.79625978598449
492,000nan,,
130,250400.0,41.912556774137556,-87.77015440945564
251,740300.0,41.6914154788231,-87.71398373269011
372,570200.0,41.81456109804731,-87.72758090459001
493,60500.0,41.951145164396394,-87.65688694104648
131,190702.0,41.927836659636114,-87.75866752022722
373,750500.0,41.68478899227131,-87.66637866768082
494,410100.0,41.80098185208283,-87.58463786095336
132,230500.0,41.91219055625629,-87.73365085672071
254,720400.0,41.7082544742359,-87.68347975121623
375,832600.0,41.91514586129523,-87.65334163621208
496,843000.0,41.86988468140231,-87.71560565270289
255,540101.0,41.65580349524345,-87.60010932375758
497,837800.0,41.88393789805349,-87.68551945224903
256,170200.0,41.95287883126247,-87.78517206442245
257,120100.0,42.00779868190176,-87.7785673454294
378,410900.0,41.795965503350544,-87.58535419123115
499,000nan,,
258,150501.0,41.965104374941745,-87.78205106713767
379,530400.0,41.67229047858115,-87.6500459068817
259,490500.0,41.721711614943274,-87.62140633139734
33,700200.0,41.7494011053505,-87.73049058290121
34,330101.0,41.86319035426453,-87.60929194052659
381,000nan,,
260,580600.0,41.81923000846524,-87.69411901461262
140,100200.0,41.99858205902723,-87.7983704400956
261,350400.0,41.84289861414436,-87.62697398044827
382,710800.0,41.74666115085665,-87.64400219131983
141,100300.0,41.9857807196359,-87.79374176490359
262,842900.0,41.86332516840588,-87.65910134380397
263,351000.0,41.83833089927913,-87.61341941473779
384,10501.0,42.0105016669786,-87.66574588346782
264,700401.0,41.74947377585818,-87.71980240577108
385,31300.0,41.97183809933796,-87.65481189012633
265,700302.0,41.74131590883712,-87.73540952995177
386,710900.0,41.74190311702017,-87.63929159814262
145,150300.0,41.96452810560123,-87.75794273792656
266,351500.0,41.828413670651,-87.6265768493385
387,841800.0,41.763814783152895,-87.59935342139465
146,151100.0,41.94241255325835,-87.76179555782409
267,839200.0,41.83842144844715,-87.621847352538
388,460500.0,41.745992228233945,-87.5770184854494
147,150300.0,41.95512226773832,-87.7622150576903
268,700302.0,41.73944634468512,-87.7300102754536
389,243100.0,41.89409639714802,-87.67345454001503
148,171000.0,41.94536761900633,-87.79883011452887
40,000nan,,
41,140302.0,41.97378425668006,-87.72214226600721
42,000nan,,
45,000nan,,
46,750200.0,41.69200078918527,-87.67086620688684
47,750200.0,41.696699656333976,-87.67926226866041
48,750400.0,41.68790957531053,-87.68110719967575
49,750200.0,41.694191962736625,-87.66910676489528
390,30200.0,41.99709739980716,-87.66306925559576
270,440300.0,41.74008497426507,-87.61569642112204
391,834800.0,41.784165793636475,-87.64279829213808
271,835500.0,41.809243453853185,-87.62899412616724
392,60400.0,41.948176664110804,-87.66654413517574
272,490700.0,41.71396673788075,-87.63096401473211
393,240200.0,41.91309149302822,-87.6678354735161
273,20301.0,42.01112347772386,-87.70454788179347
394,835600.0,41.79572040808574,-87.63432429326684
274,130300.0,41.98313242848508,-87.70823929505673
395,681300.0,41.756492591717176,-87.6406104651615
275,140100.0,41.97218843010944,-87.70385628420183
396,836700.0,41.89131730581073,-87.70403900333775
397,711000.0,41.74105752536411,-87.64854470119298
156,40700.0,41.966395288813885,-87.69775405055015
277,410700.0,41.79809486645752,-87.59230243416386
398,61500.0,41.9454096918181,-87.66389495126555
157,140800.0,41.96313262958114,-87.69859812492763
278,390400.0,41.804026887860516,-87.606370549801
399,241100.0,41.90706169172023,-87.68844054083343
158,40800.0,41.96316143110374,-87.6940411169428
279,410700.0,41.80077972636934,-87.59659571539811
159,140800.0,41.96631676116334,-87.70127555378457
50,750500.0,41.68428519099376,-87.67805788477295
57,90300.0,42.002293934119336,-87.8184340328018
59,40100.0,41.979995437772345,-87.67659371593948
280,410800.0,41.79800486224133,-87.59029201895447
283,222200.0,41.916177536670716,-87.68319885818465
285,110300.0,41.975725433715866,-87.77913608253749
165,20302.0,42.00867934228245,-87.69177445446394
286,340600.0,41.82580644384211,-87.63144236261923
166,10201.0,42.01436522813225,-87.67892509444215
287,530300.0,41.681322570676,-87.65552064259208
167,20301.0,42.00371739059574,-87.70468174219633
288,000nan,,
168,10701.0,42.00680676002912,-87.68082626515877
289,440202.0,41.738476464909354,-87.60894040698497
60,90300.0,41.99979049176284,-87.81524119212389
61,90200.0,42.00928553144405,-87.80674422763019
62,90200.0,42.00354991141802,-87.81725978201689
65,491100.0,41.704476613104816,-87.63798031218477
66,730500.0,41.71582757630955,-87.63707467303487
290,62800.0,41.93347784159698,-87.66147283687735
291,410600.0,41.79585735655428,-87.59973670618649
292,410500.0,41.796535454535444,-87.60192141283949
293,220602.0,41.928946100165774,-87.7122922909781
294,843900.0,41.77071456111611,-87.56818920342187
295,841300.0,41.84828060761549,-87.68071715404358
175,720200.0,41.71882995255777,-87.66899970062406
296,700100.0,41.75341646790548,-87.70940981005873
176,720100.0,41.72840326845318,-87.67468986493827
177,730201.0,41.7268484694701,-87.65519475135346
178,720200.0,41.71198288139402,-87.66897200773445
299,31200.0,41.96993125115296,-87.65771585394913
179,720200.0,41.70733329609112,-87.66149439410839
70,120400.0,41.97781844043618,-87.75320657646762
75,130300.0,41.988538109846786,-87.71223087120927
185,843700.0,41.95395684111219,-87.69103954474713
186,40300.0,41.97403216342764,-87.70137845332681
187,210100.0,41.94046008812478,-87.69976802525224
188,20802.0,41.990521426529426,-87.6958283069182
189,160700.0,41.95038246323992,-87.69806059389407
80,160800.0,41.94657017138263,-87.71694291415719
81,831100.0,41.94114509384855,-87.71404475596734
82,140602.0,41.96473485307797,-87.7206658378966
83,160900.0,41.95227405042368,-87.72499047682464
84,161200.0,41.94447001205282,-87.73957835720637
85,160200.0,41.95620683180533,-87.7417541811106
86,160100.0,41.962670789973345,-87.7419868285607
195,120300.0,41.987504140913586,-87.73822763603891
90,140400.0,41.973477840663406,-87.74269609250155
91,100100.0,41.98847843188696,-87.78533928809043
93,110200.0,41.979939283603755,-87.77316488097671
94,110502.0,41.968391506066155,-87.76253504374591
95,110502.0,41.97161965058092,-87.7584336581507
1206,71300.0,41.92371492813959,-87.63944058634297
1205,720700.0,41.70399710173001,-87.67075319182862
1204,251400.0,41.887924841931635,-87.77351268411951
1203,691200.0,41.75390444786484,-87.63470268865859
1201,500300.0,41.69164614783125,-87.60846889871573
1200,81201.0,41.897274562719815,-87.62678473541217
1209,836400.0,41.817339507615486,-87.59934001624379
1207,243300.0,41.89252944150138,-87.663781853881
