Tract,Parks Score,Libraries Score,Transit Score,Total Score,APS Index
010100,1.0,0.0,2.0,3.0,0.06666666666666667
010201,1.0,0.0,2.0,3.0,0.06666666666666667
010202,1.0,0.0,9.0,10.0,0.2222222222222222
010300,1.0,0.0,9.0,10.0,0.2222222222222222
010400,5.0,0.0,9.0,14.0,0.3111111111111111
010501,1.0,0.0,9.0,10.0,0.2222222222222222
010502,1.0,0.0,9.0,10.0,0.2222222222222222
010503,0.0,0.0,3.0,3.0,0.06666666666666667
010600,0.0,0.0,3.0,3.0,0.06666666666666667
010701,1.0,0.0,3.0,4.0,0.08888888888888889
010702,0.0,1.0,2.0,3.0,0.06666666666666667
020100,0.0,0.0,2.0,2.0,0.044444444444444446
020200,1.0,0.0,2.0,3.0,0.06666666666666667
020301,1.0,0.0,2.0,3.0,0.06666666666666667
020302,1.0,2.0,3.0,6.0,0.13333333333333333
020400,1.0,0.0,5.0,6.0,0.13333333333333333
020500,4.0,0.0,5.0,9.0,0.2
020601,0.0,0.0,2.0,2.0,0.044444444444444446
020602,0.0,0.0,4.0,4.0,0.08888888888888889
020701,2.0,0.0,8.0,10.0,0.2222222222222222
020702,1.0,0.0,2.0,3.0,0.06666666666666667
020801,0.0,5.0,1.0,6.0,0.13333333333333333
020802,1.0,0.0,1.0,2.0,0.044444444444444446
020901,1.0,0.0,1.0,2.0,0.044444444444444446
020902,1.0,0.0,1.0,2.0,0.044444444444444446
030101,1.0,0.0,1.0,2.0,0.044444444444444446
030102,1.0,0.0,1.0,2.0,0.044444444444444446
030103,1.0,0.0,1.0,2.0,0.044444444444444446
030104,0.0,0.0,2.0,2.0,0.044444444444444446
030200,1.0,1.0,2.0,4.0,0.08888888888888889
030300,0.0,0.0,2.0,2.0,0.044444444444444446
030400,1.0,0.0,3.0,4.0,0.08888888888888889
030500,1.0,0.0,3.0,4.0,0.08888888888888889
030601,1.0,0.0,2.0,3.0,0.06666666666666667
030603,0.0,0.0,2.0,2.0,0.044444444444444446
030604,0.0,0.0,2.0,2.0,0.044444444444444446
030701,0.0,0.0,2.0,2.0,0.044444444444444446
030702,0.0,0.0,2.0,2.0,0.044444444444444446
030703,1.0,0.0,2.0,3.0,0.06666666666666667
030706,0.0,0.0,2.0,2.0,0.044444444444444446
030800,1.0,0.0,2.0,3.0,0.06666666666666667
030900,1.0,0.0,2.0,3.0,0.06666666666666667
031000,0.0,0.0,2.0,2.0,0.044444444444444446
031100,1.0,1.0,2.0,4.0,0.08888888888888889
031200,1.0,0.0,2.0,3.0,0.06666666666666667
031300,1.0,0.0,4.0,5.0,0.1111111111111111
031400,1.0,0.0,2.0,3.0,0.06666666666666667
031501,0.0,0.0,2.0,2.0,0.044444444444444446
031502,0.0,0.0,2.0,2.0,0.044444444444444446
031700,1.0,0.0,2.0,3.0,0.06666666666666667
031800,1.0,0.0,2.0,3.0,0.06666666666666667
031900,0.0,0.0,2.0,2.0,0.044444444444444446
032100,1.0,1.0,2.0,4.0,0.08888888888888889
040100,1.0,0.0,2.0,3.0,0.06666666666666667
040201,1.0,0.0,3.0,4.0,0.08888888888888889
040202,0.0,0.0,3.0,3.0,0.06666666666666667
040300,1.0,0.0,2.0,3.0,0.06666666666666667
040401,0.0,0.0,2.0,2.0,0.044444444444444446
040402,1.0,0.0,2.0,3.0,0.06666666666666667
040600,0.0,0.0,2.0,2.0,0.044444444444444446
040700,1.0,0.0,3.0,4.0,0.08888888888888889
040800,1.0,0.0,3.0,4.0,0.08888888888888889
040900,1.0,1.0,2.0,4.0,0.08888888888888889
050100,0.0,0.0,2.0,2.0,0.044444444444444446
050200,0.0,0.0,2.0,2.0,0.044444444444444446
050300,0.0,0.0,2.0,2.0,0.044444444444444446
050500,0.0,0.0,2.0,2.0,0.044444444444444446
050600,1.0,0.0,2.0,3.0,0.06666666666666667
050700,0.0,0.0,2.0,2.0,0.044444444444444446
050800,0.0,0.0,2.0,2.0,0.044444444444444446
050900,0.0,0.0,2.0,2.0,0.044444444444444446
051000,0.0,0.0,2.0,2.0,0.044444444444444446
051100,1.0,0.0,2.0,3.0,0.06666666666666667
051200,0.0,0.0,2.0,2.0,0.044444444444444446
051300,0.0,0.0,2.0,2.0,0.044444444444444446
051400,1.0,0.0,2.0,3.0,0.06666666666666667
060100,1.0,0.0,2.0,3.0,0.06666666666666667
060200,1.0,0.0,2.0,3.0,0.06666666666666667
060300,1.0,0.0,2.0,3.0,0.06666666666666667
060400,1.0,0.0,2.0,3.0,0.06666666666666667
060500,1.0,0.0,2.0,3.0,0.06666666666666667
060800,0.0,0.0,3.0,3.0,0.06666666666666667
060900,0.0,0.0,3.0,3.0,0.06666666666666667
061000,0.0,0.0,3.0,3.0,0.06666666666666667
061100,0.0,0.0,2.0,2.0,0.044444444444444446
061200,0.0,0.0,2.0,2.0,0.044444444444444446
061500,1.0,0.0,2.0,3.0,0.06666666666666667
061800,0.0,0.0,2.0,2.0,0.044444444444444446
061901,0.0,0.0,2.0,2.0,0.044444444444444446
061902,0.0,0.0,2.0,2.0,0.044444444444444446
062000,1.0,1.0,2.0,4.0,0.08888888888888889
062100,0.0,0.0,2.0,2.0,0.044444444444444446
062200,0.0,0.0,2.0,2.0,0.044444444444444446
062300,1.0,0.0,2.0,3.0,0.06666666666666667
062400,0.0,0.0,2.0,2.0,0.044444444444444446
062500,0.0,1.0,2.0,3.0,0.06666666666666667
062600,1.0,0.0,2.0,3.0,0.06666666666666667
062700,0.0,0.0,3.0,3.0,0.06666666666666667
062800,1.0,0.0,3.0,4.0,0.08888888888888889
062900,1.0,0.0,3.0,4.0,0.08888888888888889
063000,1.0,0.0,3.0,4.0,0.08888888888888889
063100,1.0,0.0,3.0,4.0,0.08888888888888889
063200,0.0,0.0,5.0,5.0,0.1111111111111111
063301,0.0,0.0,3.0,3.0,0.06666666666666667
063302,0.0,0.0,2.0,2.0,0.044444444444444446
063303,0.0,0.0,2.0,2.0,0.044444444444444446
063400,0.0,0.0,2.0,2.0,0.044444444444444446
070101,1.0,0.0,2.0,3.0,0.06666666666666667
070102,0.0,0.0,2.0,2.0,0.044444444444444446
070103,0.0,0.0,2.0,2.0,0.044444444444444446
070200,1.0,0.0,3.0,4.0,0.08888888888888889
070300,1.0,0.0,3.0,4.0,0.08888888888888889
070400,1.0,1.0,3.0,5.0,0.1111111111111111
070500,1.0,0.0,2.0,3.0,0.06666666666666667
070600,1.0,0.0,2.0,3.0,0.06666666666666667
070700,1.0,0.0,3.0,4.0,0.08888888888888889
071000,1.0,0.0,2.0,3.0,0.06666666666666667
071100,0.0,0.0,2.0,2.0,0.044444444444444446
071200,1.0,0.0,2.0,3.0,0.06666666666666667
071300,1.0,0.0,2.0,3.0,0.06666666666666667
071400,0.0,0.0,2.0,2.0,0.044444444444444446
071500,1.0,0.0,2.0,3.0,0.06666666666666667
071600,1.0,0.0,2.0,3.0,0.06666666666666667
071700,0.0,0.0,2.0,2.0,0.044444444444444446
071800,0.0,0.0,2.0,2.0,0.044444444444444446
080100,1.0,0.0,2.0,3.0,0.06666666666666667
080201,0.0,0.0,2.0,2.0,0.044444444444444446
080202,0.0,0.0,2.0,2.0,0.044444444444444446
080300,0.0,4.0,3.0,7.0,0.15555555555555556
080400,0.0,0.0,4.0,4.0,0.08888888888888889
081000,1.0,0.0,3.0,4.0,0.08888888888888889
081100,0.0,0.0,3.0,3.0,0.06666666666666667
081201,1.0,0.0,3.0,4.0,0.08888888888888889
081202,1.0,0.0,3.0,4.0,0.08888888888888889
081300,1.0,1.0,3.0,5.0,0.1111111111111111
081401,0.0,0.0,3.0,3.0,0.06666666666666667
081402,1.0,0.0,3.0,4.0,0.08888888888888889
081403,1.0,0.0,3.0,4.0,0.08888888888888889
081500,0.0,0.0,3.0,3.0,0.06666666666666667
081600,0.0,0.0,3.0,3.0,0.06666666666666667
081700,0.0,0.0,3.0,3.0,0.06666666666666667
081800,1.0,0.0,3.0,4.0,0.08888888888888889
081900,0.0,0.0,3.0,3.0,0.06666666666666667
090100,0.0,0.0,3.0,3.0,0.06666666666666667
090200,1.0,0.0,2.0,3.0,0.06666666666666667
090300,1.0,0.0,2.0,3.0,0.06666666666666667
100100,1.0,0.0,2.0,3.0,0.06666666666666667
100200,1.0,1.0,2.0,4.0,0.08888888888888889
100300,1.0,0.0,2.0,3.0,0.06666666666666667
100400,0.0,0.0,2.0,2.0,0.044444444444444446
100500,1.0,1.0,2.0,4.0,0.08888888888888889
100600,0.0,0.0,2.0,2.0,0.044444444444444446
100700,0.0,0.0,2.0,2.0,0.044444444444444446
110100,0.0,0.0,2.0,2.0,0.044444444444444446
110200,1.0,0.0,2.0,3.0,0.06666666666666667
110300,1.0,0.0,3.0,4.0,0.08888888888888889
110400,0.0,0.0,4.0,4.0,0.08888888888888889
110501,0.0,0.0,2.0,2.0,0.044444444444444446
110502,1.0,0.0,2.0,3.0,0.06666666666666667
120100,1.0,0.0,2.0,3.0,0.06666666666666667
120200,1.0,1.0,2.0,4.0,0.08888888888888889
120300,1.0,0.0,2.0,3.0,0.06666666666666667
120400,1.0,0.0,2.0,3.0,0.06666666666666667
130100,1.0,0.0,2.0,3.0,0.06666666666666667
130200,1.0,0.0,2.0,3.0,0.06666666666666667
130300,1.0,0.0,2.0,3.0,0.06666666666666667
140100,1.0,0.0,2.0,3.0,0.06666666666666667
140200,0.0,0.0,2.0,2.0,0.044444444444444446
140301,0.0,0.0,2.0,2.0,0.044444444444444446
140302,1.0,0.0,2.0,3.0,0.06666666666666667
140400,1.0,1.0,2.0,4.0,0.08888888888888889
140500,1.0,0.0,2.0,3.0,0.06666666666666667
140601,0.0,0.0,2.0,2.0,0.044444444444444446
140602,1.0,0.0,2.0,3.0,0.06666666666666667
140701,0.0,0.0,2.0,2.0,0.044444444444444446
140702,0.0,0.0,2.0,2.0,0.044444444444444446
140800,1.0,0.0,3.0,4.0,0.08888888888888889
150200,1.0,0.0,2.0,3.0,0.06666666666666667
150300,1.0,1.0,2.0,4.0,0.08888888888888889
150401,0.0,0.0,2.0,2.0,0.044444444444444446
150402,0.0,0.0,2.0,2.0,0.044444444444444446
150501,1.0,0.0,3.0,4.0,0.08888888888888889
150502,0.0,3.0,2.0,5.0,0.1111111111111111
150600,0.0,0.0,2.0,2.0,0.044444444444444446
150700,0.0,0.0,2.0,2.0,0.044444444444444446
150800,0.0,0.0,2.0,2.0,0.044444444444444446
151001,0.0,1.0,2.0,3.0,0.06666666666666667
151002,0.0,0.0,2.0,2.0,0.044444444444444446
151100,1.0,0.0,2.0,3.0,0.06666666666666667
151200,0.0,0.0,2.0,2.0,0.044444444444444446
160100,1.0,0.0,2.0,3.0,0.06666666666666667
160200,1.0,0.0,3.0,4.0,0.08888888888888889
160300,0.0,0.0,3.0,3.0,0.06666666666666667
160400,0.0,1.0,2.0,3.0,0.06666666666666667
160501,0.0,0.0,2.0,2.0,0.044444444444444446
160502,0.0,0.0,2.0,2.0,0.044444444444444446
160601,0.0,0.0,6.0,6.0,0.13333333333333333
160602,1.0,0.0,2.0,3.0,0.06666666666666667
160700,1.0,0.0,2.0,3.0,0.06666666666666667
160800,1.0,0.0,2.0,3.0,0.06666666666666667
160900,1.0,0.0,2.0,3.0,0.06666666666666667
161000,0.0,0.0,2.0,2.0,0.044444444444444446
161100,0.0,0.0,2.0,2.0,0.044444444444444446
161200,1.0,0.0,2.0,3.0,0.06666666666666667
161300,0.0,0.0,2.0,2.0,0.044444444444444446
170100,1.0,0.0,2.0,3.0,0.06666666666666667
170200,1.0,0.0,2.0,3.0,0.06666666666666667
170300,0.0,0.0,2.0,2.0,0.044444444444444446
170400,0.0,0.0,2.0,2.0,0.044444444444444446
170500,0.0,0.0,2.0,2.0,0.044444444444444446
170600,1.0,0.0,3.0,4.0,0.08888888888888889
170700,0.0,0.0,3.0,3.0,0.06666666666666667
170800,0.0,1.0,2.0,3.0,0.06666666666666667
170900,0.0,0.0,2.0,2.0,0.044444444444444446
171000,1.0,0.0,2.0,3.0,0.06666666666666667
171100,0.0,0.0,2.0,2.0,0.044444444444444446
180100,1.0,0.0,2.0,3.0,0.06666666666666667
190100,1.0,0.0,2.0,3.0,0.06666666666666667
190200,1.0,0.0,2.0,3.0,0.06666666666666667
190300,0.0,0.0,3.0,3.0,0.06666666666666667
190401,0.0,0.0,3.0,3.0,0.06666666666666667
190402,0.0,0.0,3.0,3.0,0.06666666666666667
190601,1.0,0.0,2.0,3.0,0.06666666666666667
190602,0.0,0.0,2.0,2.0,0.044444444444444446
190701,0.0,0.0,2.0,2.0,0.044444444444444446
190702,1.0,0.0,2.0,3.0,0.06666666666666667
190800,0.0,0.0,2.0,2.0,0.044444444444444446
190900,0.0,0.0,3.0,3.0,0.06666666666666667
191000,0.0,0.0,2.0,2.0,0.044444444444444446
191100,1.0,0.0,3.0,4.0,0.08888888888888889
191200,0.0,0.0,2.0,2.0,0.044444444444444446
191301,1.0,0.0,2.0,3.0,0.06666666666666667
191302,0.0,0.0,2.0,2.0,0.044444444444444446
200100,1.0,0.0,2.0,3.0,0.06666666666666667
200200,1.0,0.0,2.0,3.0,0.06666666666666667
200300,0.0,0.0,3.0,3.0,0.06666666666666667
200401,1.0,0.0,2.0,3.0,0.06666666666666667
200402,0.0,0.0,2.0,2.0,0.044444444444444446
210100,1.0,0.0,2.0,3.0,0.06666666666666667
210400,0.0,0.0,2.0,2.0,0.044444444444444446
210501,0.0,0.0,2.0,2.0,0.044444444444444446
210502,0.0,0.0,2.0,2.0,0.044444444444444446
210601,0.0,0.0,2.0,2.0,0.044444444444444446
210602,0.0,0.0,2.0,2.0,0.044444444444444446
210700,1.0,0.0,2.0,3.0,0.06666666666666667
210800,0.0,0.0,2.0,2.0,0.044444444444444446
210900,1.0,0.0,2.0,3.0,0.06666666666666667
220300,1.0,0.0,2.0,3.0,0.06666666666666667
220400,1.0,0.0,1.0,2.0,0.044444444444444446
220500,0.0,2.0,2.0,4.0,0.08888888888888889
220601,0.0,0.0,1.0,1.0,0.022222222222222223
220602,1.0,0.0,1.0,2.0,0.044444444444444446
220701,0.0,0.0,1.0,1.0,0.022222222222222223
220702,1.0,0.0,1.0,2.0,0.044444444444444446
220901,1.0,0.0,1.0,2.0,0.044444444444444446
220902,0.0,0.0,1.0,1.0,0.022222222222222223
221000,0.0,0.0,1.0,1.0,0.022222222222222223
221100,1.0,0.0,1.0,2.0,0.044444444444444446
221200,0.0,0.0,1.0,1.0,0.022222222222222223
221300,0.0,0.0,2.0,2.0,0.044444444444444446
221400,0.0,0.0,2.0,2.0,0.044444444444444446
221500,0.0,0.0,2.0,2.0,0.044444444444444446
221600,1.0,0.0,2.0,3.0,0.06666666666666667
222200,1.0,0.0,2.0,3.0,0.06666666666666667
222500,0.0,0.0,2.0,2.0,0.044444444444444446
222600,1.0,0.0,2.0,3.0,0.06666666666666667
222700,0.0,0.0,2.0,2.0,0.044444444444444446
222800,0.0,0.0,2.0,2.0,0.044444444444444446
222900,1.0,0.0,2.0,3.0,0.06666666666666667
230100,0.0,1.0,2.0,3.0,0.06666666666666667
230200,0.0,0.0,3.0,3.0,0.06666666666666667
230300,1.0,0.0,2.0,3.0,0.06666666666666667
230400,1.0,0.0,2.0,3.0,0.06666666666666667
230500,1.0,1.0,2.0,4.0,0.08888888888888889
230600,1.0,0.0,2.0,3.0,0.06666666666666667
230700,1.0,0.0,2.0,3.0,0.06666666666666667
230800,0.0,0.0,2.0,2.0,0.044444444444444446
230900,0.0,0.0,2.0,2.0,0.044444444444444446
231100,1.0,0.0,3.0,4.0,0.08888888888888889
231200,1.0,0.0,3.0,4.0,0.08888888888888889
231500,1.0,0.0,2.0,3.0,0.06666666666666667
240200,1.0,0.0,2.0,3.0,0.06666666666666667
240300,0.0,0.0,2.0,2.0,0.044444444444444446
240500,1.0,0.0,2.0,3.0,0.06666666666666667
240600,1.0,0.0,2.0,3.0,0.06666666666666667
240700,0.0,0.0,2.0,2.0,0.044444444444444446
240800,0.0,0.0,2.0,2.0,0.044444444444444446
240900,1.0,0.0,2.0,3.0,0.06666666666666667
241000,0.0,0.0,2.0,2.0,0.044444444444444446
241100,1.0,0.0,6.0,7.0,0.15555555555555556
241200,0.0,0.0,2.0,2.0,0.044444444444444446
241300,0.0,0.0,2.0,2.0,0.044444444444444446
241400,1.0,0.0,2.0,3.0,0.06666666666666667
241500,1.0,0.0,2.0,3.0,0.06666666666666667
241600,1.0,0.0,2.0,3.0,0.06666666666666667
242000,0.0,0.0,2.0,2.0,0.044444444444444446
242100,0.0,0.0,2.0,2.0,0.044444444444444446
242200,1.0,0.0,2.0,3.0,0.06666666666666667
242300,0.0,0.0,2.0,2.0,0.044444444444444446
242400,1.0,0.0,2.0,3.0,0.06666666666666667
242500,0.0,0.0,2.0,2.0,0.044444444444444446
242600,0.0,0.0,2.0,2.0,0.044444444444444446
242700,0.0,0.0,2.0,2.0,0.044444444444444446
242800,1.0,0.0,2.0,3.0,0.06666666666666667
242900,0.0,0.0,2.0,2.0,0.044444444444444446
243000,1.0,0.0,3.0,4.0,0.08888888888888889
243100,1.0,0.0,3.0,4.0,0.08888888888888889
243200,0.0,1.0,2.0,3.0,0.06666666666666667
243300,1.0,0.0,2.0,3.0,0.06666666666666667
243400,0.0,0.0,2.0,2.0,0.044444444444444446
243500,0.0,0.0,2.0,2.0,0.044444444444444446
250200,1.0,0.0,2.0,3.0,0.06666666666666667
250300,0.0,0.0,2.0,2.0,0.044444444444444446
250400,1.0,1.0,2.0,4.0,0.08888888888888889
250500,0.0,0.0,2.0,2.0,0.044444444444444446
250600,0.0,0.0,2.0,2.0,0.044444444444444446
250700,0.0,0.0,3.0,3.0,0.06666666666666667
250800,1.0,0.0,3.0,4.0,0.08888888888888889
251000,0.0,1.0,3.0,4.0,0.08888888888888889
251100,0.0,0.0,2.0,2.0,0.044444444444444446
251200,1.0,0.0,2.0,3.0,0.06666666666666667
251300,0.0,0.0,2.0,2.0,0.044444444444444446
251400,1.0,1.0,2.0,4.0,0.08888888888888889
251500,1.0,0.0,2.0,3.0,0.06666666666666667
251600,1.0,0.0,2.0,3.0,0.06666666666666667
251700,1.0,0.0,2.0,3.0,0.06666666666666667
251800,1.0,0.0,2.0,3.0,0.06666666666666667
251900,0.0,0.0,2.0,2.0,0.044444444444444446
252000,0.0,0.0,2.0,2.0,0.044444444444444446
252101,2.0,0.0,2.0,4.0,0.08888888888888889
252102,0.0,0.0,2.0,2.0,0.044444444444444446
252201,1.0,0.0,3.0,4.0,0.08888888888888889
252202,1.0,0.0,3.0,4.0,0.08888888888888889
260100,0.0,0.0,3.0,3.0,0.06666666666666667
260200,1.0,0.0,3.0,4.0,0.08888888888888889
260300,1.0,0.0,2.0,3.0,0.06666666666666667
260400,0.0,0.0,11.0,11.0,0.24444444444444444
260500,0.0,0.0,3.0,3.0,0.06666666666666667
260600,0.0,0.0,3.0,3.0,0.06666666666666667
260700,0.0,0.0,3.0,3.0,0.06666666666666667
260800,0.0,1.0,2.0,3.0,0.06666666666666667
260900,1.0,0.0,2.0,3.0,0.06666666666666667
261000,1.0,0.0,2.0,3.0,0.06666666666666667
270500,0.0,0.0,2.0,2.0,0.044444444444444446
271200,1.0,0.0,2.0,3.0,0.06666666666666667
271300,1.0,0.0,2.0,3.0,0.06666666666666667
271400,0.0,0.0,2.0,2.0,0.044444444444444446
271500,0.0,0.0,2.0,2.0,0.044444444444444446
271800,1.0,0.0,2.0,3.0,0.06666666666666667
280100,1.0,0.0,2.0,3.0,0.06666666666666667
280400,1.0,0.0,8.0,9.0,0.2
280800,1.0,0.0,2.0,3.0,0.06666666666666667
280900,0.0,0.0,2.0,2.0,0.044444444444444446
281900,1.0,0.0,3.0,4.0,0.08888888888888889
282700,0.0,0.0,3.0,3.0,0.06666666666666667
282800,1.0,0.0,3.0,4.0,0.08888888888888889
283100,0.0,0.0,3.0,3.0,0.06666666666666667
283200,0.0,1.0,2.0,3.0,0.06666666666666667
283800,0.0,0.0,2.0,2.0,0.044444444444444446
290900,1.0,0.0,2.0,3.0,0.06666666666666667
291200,1.0,0.0,2.0,3.0,0.06666666666666667
291600,0.0,0.0,3.0,3.0,0.06666666666666667
292200,1.0,0.0,3.0,4.0,0.08888888888888889
292400,0.0,0.0,3.0,3.0,0.06666666666666667
292500,0.0,0.0,3.0,3.0,0.06666666666666667
300500,0.0,0.0,3.0,3.0,0.06666666666666667
300600,1.0,0.0,3.0,4.0,0.08888888888888889
300700,1.0,0.0,3.0,4.0,0.08888888888888889
300800,0.0,0.0,2.0,2.0,0.044444444444444446
300900,0.0,1.0,2.0,3.0,0.06666666666666667
301100,0.0,0.0,2.0,2.0,0.044444444444444446
301200,1.0,0.0,2.0,3.0,0.06666666666666667
301600,1.0,0.0,2.0,3.0,0.06666666666666667
301701,0.0,0.0,2.0,2.0,0.044444444444444446
301702,0.0,0.0,2.0,2.0,0.044444444444444446
301801,0.0,0.0,2.0,2.0,0.044444444444444446
301802,0.0,0.0,2.0,2.0,0.044444444444444446
301803,1.0,1.0,2.0,4.0,0.08888888888888889
310200,1.0,0.0,2.0,3.0,0.06666666666666667
310300,0.0,0.0,2.0,2.0,0.044444444444444446
310400,0.0,0.0,2.0,2.0,0.044444444444444446
310500,1.0,0.0,2.0,3.0,0.06666666666666667
310600,1.0,1.0,2.0,4.0,0.08888888888888889
310700,0.0,0.0,2.0,2.0,0.044444444444444446
310800,0.0,0.0,2.0,2.0,0.044444444444444446
310900,1.0,0.0,2.0,3.0,0.06666666666666667
320101,1.0,0.0,2.0,3.0,0.06666666666666667
320102,0.0,0.0,2.0,2.0,0.044444444444444446
320400,1.0,0.0,2.0,3.0,0.06666666666666667
320600,0.0,0.0,2.0,2.0,0.044444444444444446
330101,4.0,0.0,2.0,6.0,0.13333333333333333
330102,1.0,0.0,2.0,3.0,0.06666666666666667
330103,1.0,0.0,2.0,3.0,0.06666666666666667
330200,1.0,0.0,2.0,3.0,0.06666666666666667
340300,0.0,0.0,2.0,2.0,0.044444444444444446
340400,0.0,0.0,2.0,2.0,0.044444444444444446
340500,1.0,0.0,2.0,3.0,0.06666666666666667
340600,1.0,0.0,2.0,3.0,0.06666666666666667
350100,0.0,0.0,2.0,2.0,0.044444444444444446
350400,1.0,0.0,2.0,3.0,0.06666666666666667
351000,1.0,0.0,2.0,3.0,0.06666666666666667
351100,0.0,0.0,2.0,2.0,0.044444444444444446
351400,0.0,1.0,2.0,3.0,0.06666666666666667
351500,1.0,0.0,2.0,3.0,0.06666666666666667
360200,1.0,0.0,2.0,3.0,0.06666666666666667
380100,1.0,0.0,2.0,3.0,0.06666666666666667
380200,0.0,0.0,2.0,2.0,0.044444444444444446
380600,1.0,0.0,2.0,3.0,0.06666666666666667
381200,0.0,0.0,2.0,2.0,0.044444444444444446
381400,0.0,1.0,3.0,4.0,0.08888888888888889
381500,0.0,0.0,3.0,3.0,0.06666666666666667
381700,0.0,0.0,6.0,6.0,0.13333333333333333
381800,1.0,0.0,3.0,4.0,0.08888888888888889
381900,0.0,0.0,3.0,3.0,0.06666666666666667
390100,1.0,0.0,2.0,3.0,0.06666666666666667
390200,1.0,0.0,2.0,3.0,0.06666666666666667
390300,0.0,0.0,2.0,2.0,0.044444444444444446
390400,1.0,0.0,2.0,3.0,0.06666666666666667
390500,0.0,0.0,2.0,2.0,0.044444444444444446
390600,1.0,0.0,2.0,3.0,0.06666666666666667
390700,0.0,1.0,2.0,3.0,0.06666666666666667
400300,1.0,0.0,2.0,3.0,0.06666666666666667
400400,1.0,0.0,3.0,4.0,0.08888888888888889
400500,0.0,0.0,3.0,3.0,0.06666666666666667
400800,0.0,0.0,3.0,3.0,0.06666666666666667
410100,1.0,0.0,3.0,4.0,0.08888888888888889
410200,0.0,0.0,3.0,3.0,0.06666666666666667
410500,1.0,0.0,2.0,3.0,0.06666666666666667
410600,1.0,0.0,2.0,3.0,0.06666666666666667
410700,1.0,0.0,2.0,3.0,0.06666666666666667
410800,1.0,0.0,3.0,4.0,0.08888888888888889
410900,1.0,0.0,3.0,4.0,0.08888888888888889
411000,0.0,0.0,3.0,3.0,0.06666666666666667
411100,0.0,0.0,3.0,3.0,0.06666666666666667
411200,1.0,0.0,3.0,4.0,0.08888888888888889
420100,0.0,0.0,8.0,8.0,0.17777777777777778
420200,1.0,0.0,3.0,4.0,0.08888888888888889
420300,1.0,0.0,2.0,3.0,0.06666666666666667
420400,1.0,0.0,2.0,3.0,0.06666666666666667
420500,0.0,0.0,2.0,2.0,0.044444444444444446
420600,0.0,0.0,2.0,2.0,0.044444444444444446
420700,0.0,1.0,3.0,4.0,0.08888888888888889
420800,1.0,0.0,3.0,4.0,0.08888888888888889
421200,0.0,0.0,3.0,3.0,0.06666666666666667
430101,0.0,0.0,2.0,2.0,0.044444444444444446
430102,1.0,0.0,2.0,3.0,0.06666666666666667
430200,0.0,0.0,2.0,2.0,0.044444444444444446
430300,1.0,0.0,2.0,3.0,0.06666666666666667
430400,0.0,0.0,3.0,3.0,0.06666666666666667
430500,1.0,0.0,3.0,4.0,0.08888888888888889
430600,0.0,0.0,3.0,3.0,0.06666666666666667
430700,0.0,0.0,3.0,3.0,0.06666666666666667
430800,1.0,0.0,3.0,4.0,0.08888888888888889
430900,1.0,0.0,2.0,3.0,0.06666666666666667
431200,0.0,0.0,2.0,2.0,0.044444444444444446
431301,0.0,0.0,2.0,2.0,0.044444444444444446
431302,0.0,1.0,3.0,4.0,0.08888888888888889
431400,1.0,0.0,2.0,3.0,0.06666666666666667
440101,0.0,0.0,3.0,3.0,0.06666666666666667
440102,0.0,0.0,3.0,3.0,0.06666666666666667
440201,0.0,1.0,3.0,4.0,0.08888888888888889
440202,1.0,0.0,3.0,4.0,0.08888888888888889
440300,1.0,0.0,3.0,4.0,0.08888888888888889
440600,0.0,0.0,3.0,3.0,0.06666666666666667
440700,0.0,0.0,6.0,6.0,0.13333333333333333
440800,0.0,0.0,3.0,3.0,0.06666666666666667
440900,1.0,0.0,3.0,4.0,0.08888888888888889
450300,0.0,0.0,3.0,3.0,0.06666666666666667
460100,1.0,0.0,3.0,4.0,0.08888888888888889
460200,1.0,0.0,3.0,4.0,0.08888888888888889
460301,0.0,0.0,3.0,3.0,0.06666666666666667
460302,0.0,0.0,3.0,3.0,0.06666666666666667
460400,1.0,0.0,2.0,3.0,0.06666666666666667
460500,1.0,0.0,2.0,3.0,0.06666666666666667
460800,0.0,0.0,2.0,2.0,0.044444444444444446
461000,0.0,0.0,2.0,2.0,0.044444444444444446
470100,1.0,0.0,2.0,3.0,0.06666666666666667
480100,1.0,0.0,2.0,3.0,0.06666666666666667
480200,0.0,0.0,3.0,3.0,0.06666666666666667
480300,0.0,0.0,3.0,3.0,0.06666666666666667
480400,0.0,0.0,3.0,3.0,0.06666666666666667
480500,1.0,0.0,3.0,4.0,0.08888888888888889
490200,1.0,0.0,3.0,4.0,0.08888888888888889
490500,2.0,0.0,3.0,5.0,0.1111111111111111
490600,0.0,0.0,3.0,3.0,0.06666666666666667
490700,1.0,0.0,3.0,4.0,0.08888888888888889
490800,0.0,0.0,2.0,2.0,0.044444444444444446
490901,1.0,4.0,2.0,7.0,0.15555555555555556
490902,0.0,0.0,3.0,3.0,0.06666666666666667
491000,1.0,0.0,2.0,3.0,0.06666666666666667
491100,1.0,0.0,2.0,3.0,0.06666666666666667
491200,0.0,0.0,3.0,3.0,0.06666666666666667
491300,0.0,0.0,2.0,2.0,0.044444444444444446
491400,0.0,0.0,2.0,2.0,0.044444444444444446
500100,1.0,0.0,2.0,3.0,0.06666666666666667
500200,1.0,0.0,2.0,3.0,0.06666666666666667
500300,1.0,0.0,3.0,4.0,0.08888888888888889
510100,1.0,0.0,3.0,4.0,0.08888888888888889
510200,1.0,0.0,3.0,4.0,0.08888888888888889
510300,1.0,1.0,3.0,5.0,0.1111111111111111
520100,1.0,0.0,3.0,4.0,0.08888888888888889
520200,1.0,0.0,3.0,4.0,0.08888888888888889
520300,1.0,0.0,3.0,4.0,0.08888888888888889
520400,0.0,1.0,3.0,4.0,0.08888888888888889
520500,0.0,0.0,14.0,14.0,0.3111111111111111
520600,1.0,0.0,6.0,7.0,0.15555555555555556
530100,1.0,0.0,3.0,4.0,0.08888888888888889
530200,1.0,0.0,3.0,4.0,0.08888888888888889
530300,1.0,1.0,2.0,4.0,0.08888888888888889
530400,1.0,0.0,2.0,3.0,0.06666666666666667
530501,0.0,0.0,2.0,2.0,0.044444444444444446
530502,0.0,0.0,2.0,2.0,0.044444444444444446
530503,1.0,0.0,2.0,3.0,0.06666666666666667
530600,0.0,0.0,2.0,2.0,0.044444444444444446
540101,1.0,2.0,2.0,5.0,0.1111111111111111
540102,1.0,0.0,2.0,3.0,0.06666666666666667
550100,1.0,1.0,2.0,4.0,0.08888888888888889
550200,2.0,0.0,2.0,4.0,0.08888888888888889
560100,0.0,0.0,2.0,2.0,0.044444444444444446
560200,1.0,0.0,2.0,3.0,0.06666666666666667
560300,1.0,0.0,2.0,3.0,0.06666666666666667
560400,0.0,0.0,2.0,2.0,0.044444444444444446
560700,0.0,0.0,5.0,5.0,0.1111111111111111
560800,0.0,1.0,3.0,4.0,0.08888888888888889
560900,1.0,0.0,2.0,3.0,0.06666666666666667
561000,0.0,0.0,2.0,2.0,0.044444444444444446
561100,1.0,0.0,2.0,3.0,0.06666666666666667
570100,1.0,0.0,3.0,4.0,0.08888888888888889
570200,1.0,0.0,3.0,4.0,0.08888888888888889
570300,1.0,1.0,3.0,5.0,0.1111111111111111
570400,1.0,0.0,4.0,5.0,0.1111111111111111
570500,0.0,0.0,3.0,3.0,0.06666666666666667
580100,0.0,0.0,3.0,3.0,0.06666666666666667
580200,1.0,0.0,3.0,4.0,0.08888888888888889
580300,0.0,0.0,3.0,3.0,0.06666666666666667
580400,0.0,0.0,3.0,3.0,0.06666666666666667
580501,0.0,0.0,3.0,3.0,0.06666666666666667
580502,0.0,1.0,2.0,3.0,0.06666666666666667
580600,1.0,0.0,3.0,4.0,0.08888888888888889
580700,0.0,0.0,3.0,3.0,0.06666666666666667
580800,0.0,0.0,3.0,3.0,0.06666666666666667
590500,1.0,0.0,3.0,4.0,0.08888888888888889
590600,0.0,1.0,3.0,4.0,0.08888888888888889
590700,0.0,0.0,3.0,3.0,0.06666666666666667
600400,1.0,0.0,3.0,4.0,0.08888888888888889
600600,1.0,0.0,11.0,12.0,0.26666666666666666
600700,1.0,0.0,3.0,4.0,0.08888888888888889
600900,1.0,0.0,3.0,4.0,0.08888888888888889
610300,1.0,0.0,3.0,4.0,0.08888888888888889
610400,0.0,0.0,3.0,3.0,0.06666666666666667
610800,0.0,0.0,3.0,3.0,0.06666666666666667
611200,1.0,0.0,3.0,4.0,0.08888888888888889
611300,0.0,0.0,2.0,2.0,0.044444444444444446
611400,1.0,0.0,2.0,3.0,0.06666666666666667
611500,0.0,2.0,2.0,4.0,0.08888888888888889
611600,1.0,0.0,2.0,3.0,0.06666666666666667
611700,0.0,0.0,2.0,2.0,0.044444444444444446
611800,0.0,0.0,2.0,2.0,0.044444444444444446
611900,1.0,3.0,2.0,6.0,0.13333333333333333
612000,0.0,0.0,2.0,2.0,0.044444444444444446
612100,1.0,0.0,2.0,3.0,0.06666666666666667
612200,1.0,0.0,4.0,5.0,0.1111111111111111
620100,0.0,0.0,2.0,2.0,0.044444444444444446
620200,1.0,0.0,3.0,4.0,0.08888888888888889
620300,1.0,0.0,3.0,4.0,0.08888888888888889
620400,0.0,0.0,3.0,3.0,0.06666666666666667
630300,0.0,0.0,3.0,3.0,0.06666666666666667
630400,0.0,0.0,3.0,3.0,0.06666666666666667
630500,0.0,0.0,3.0,3.0,0.06666666666666667
630600,1.0,0.0,2.0,3.0,0.06666666666666667
630800,0.0,1.0,2.0,3.0,0.06666666666666667
630900,1.0,0.0,2.0,3.0,0.06666666666666667
640100,0.0,0.0,2.0,2.0,0.044444444444444446
640300,1.0,0.0,2.0,3.0,0.06666666666666667
640400,1.0,0.0,2.0,3.0,0.06666666666666667
640500,1.0,1.0,2.0,4.0,0.08888888888888889
640600,0.0,0.0,2.0,2.0,0.044444444444444446
640700,1.0,0.0,2.0,3.0,0.06666666666666667
640800,0.0,0.0,2.0,2.0,0.044444444444444446
650100,0.0,0.0,2.0,2.0,0.044444444444444446
650200,0.0,1.0,3.0,4.0,0.08888888888888889
650301,1.0,0.0,3.0,4.0,0.08888888888888889
650302,0.0,0.0,3.0,3.0,0.06666666666666667
650400,0.0,0.0,3.0,3.0,0.06666666666666667
650500,1.0,0.0,3.0,4.0,0.08888888888888889
660301,0.0,0.0,3.0,3.0,0.06666666666666667
660302,1.0,0.0,3.0,4.0,0.08888888888888889
660400,0.0,1.0,3.0,4.0,0.08888888888888889
660500,0.0,0.0,3.0,3.0,0.06666666666666667
660600,0.0,0.0,11.0,11.0,0.24444444444444444
660700,1.0,0.0,3.0,4.0,0.08888888888888889
660800,1.0,0.0,2.0,3.0,0.06666666666666667
660900,1.0,0.0,2.0,3.0,0.06666666666666667
661000,1.0,0.0,2.0,3.0,0.06666666666666667
661100,0.0,0.0,2.0,2.0,0.044444444444444446
670100,1.0,0.0,2.0,3.0,0.06666666666666667
670200,0.0,0.0,2.0,2.0,0.044444444444444446
670300,1.0,0.0,2.0,3.0,0.06666666666666667
670400,0.0,0.0,3.0,3.0,0.06666666666666667
670500,2.0,0.0,13.0,15.0,0.3333333333333333
670600,0.0,0.0,3.0,3.0,0.06666666666666667
670700,0.0,0.0,3.0,3.0,0.06666666666666667
670800,0.0,0.0,3.0,3.0,0.06666666666666667
670900,0.0,0.0,3.0,3.0,0.06666666666666667
671100,0.0,0.0,3.0,3.0,0.06666666666666667
671200,0.0,1.0,2.0,3.0,0.06666666666666667
671300,1.0,0.0,2.0,3.0,0.06666666666666667
671400,0.0,0.0,2.0,2.0,0.044444444444444446
671500,1.0,0.0,2.0,3.0,0.06666666666666667
671600,0.0,0.0,2.0,2.0,0.044444444444444446
671800,0.0,0.0,2.0,2.0,0.044444444444444446
671900,0.0,0.0,2.0,2.0,0.044444444444444446
672000,1.0,0.0,3.0,4.0,0.08888888888888889
680500,1.0,0.0,3.0,4.0,0.08888888888888889
680600,1.0,0.0,3.0,4.0,0.08888888888888889
680900,1.0,0.0,5.0,6.0,0.13333333333333333
681000,0.0,0.0,3.0,3.0,0.06666666666666667
681100,0.0,0.0,2.0,2.0,0.044444444444444446
681200,1.0,0.0,2.0,3.0,0.06666666666666667
681300,1.0,0.0,2.0,3.0,0.06666666666666667
681400,0.0,0.0,2.0,2.0,0.044444444444444446
690300,0.0,0.0,2.0,2.0,0.044444444444444446
690400,0.0,0.0,3.0,3.0,0.06666666666666667
690500,0.0,0.0,3.0,3.0,0.06666666666666667
690900,0.0,0.0,3.0,3.0,0.06666666666666667
691000,1.0,0.0,3.0,4.0,0.08888888888888889
691100,1.0,0.0,3.0,4.0,0.08888888888888889
691200,1.0,0.0,2.0,3.0,0.06666666666666667
691300,0.0,0.0,2.0,2.0,0.044444444444444446
691400,0.0,0.0,2.0,2.0,0.044444444444444446
691500,1.0,0.0,2.0,3.0,0.06666666666666667
700100,1.0,0.0,2.0,3.0,0.06666666666666667
700200,1.0,0.0,2.0,3.0,0.06666666666666667
700301,0.0,1.0,2.0,3.0,0.06666666666666667
700302,1.0,0.0,2.0,3.0,0.06666666666666667
700401,1.0,0.0,3.0,4.0,0.08888888888888889
700402,1.0,1.0,3.0,5.0,0.1111111111111111
700501,0.0,0.0,3.0,3.0,0.06666666666666667
700502,1.0,0.0,5.0,6.0,0.13333333333333333
710100,1.0,0.0,3.0,4.0,0.08888888888888889
710200,1.0,5.0,4.0,10.0,0.2222222222222222
710300,0.0,0.0,3.0,3.0,0.06666666666666667
710400,0.0,0.0,3.0,3.0,0.06666666666666667
710500,1.0,0.0,2.0,3.0,0.06666666666666667
710600,0.0,0.0,2.0,2.0,0.044444444444444446
710700,1.0,0.0,2.0,3.0,0.06666666666666667
710800,1.0,0.0,2.0,3.0,0.06666666666666667
710900,1.0,0.0,2.0,3.0,0.06666666666666667
711000,1.0,0.0,2.0,3.0,0.06666666666666667
711100,0.0,0.0,3.0,3.0,0.06666666666666667
711200,1.0,0.0,3.0,4.0,0.08888888888888889
711300,1.0,0.0,3.0,4.0,0.08888888888888889
711400,0.0,1.0,3.0,4.0,0.08888888888888889
711500,0.0,0.0,3.0,3.0,0.06666666666666667
720100,1.0,1.0,3.0,5.0,0.1111111111111111
720200,1.0,0.0,2.0,3.0,0.06666666666666667
720300,0.0,0.0,2.0,2.0,0.044444444444444446
720400,1.0,0.0,2.0,3.0,0.06666666666666667
720500,1.0,0.0,2.0,3.0,0.06666666666666667
720600,1.0,0.0,2.0,3.0,0.06666666666666667
720700,1.0,0.0,2.0,3.0,0.06666666666666667
730100,1.0,0.0,3.0,4.0,0.08888888888888889
730201,1.0,0.0,2.0,3.0,0.06666666666666667
730202,0.0,0.0,2.0,2.0,0.044444444444444446
730300,0.0,0.0,4.0,4.0,0.08888888888888889
730400,1.0,0.0,1.0,2.0,0.044444444444444446
730500,1.0,1.0,2.0,4.0,0.08888888888888889
730600,0.0,0.0,1.0,1.0,0.022222222222222223
730700,1.0,0.0,1.0,2.0,0.044444444444444446
740100,0.0,0.0,2.0,2.0,0.044444444444444446
740200,0.0,0.0,2.0,2.0,0.044444444444444446
740300,1.0,1.0,2.0,4.0,0.08888888888888889
740400,0.0,0.0,2.0,2.0,0.044444444444444446
750100,1.0,0.0,1.0,2.0,0.044444444444444446
750200,1.0,1.0,1.0,3.0,0.06666666666666667
750300,0.0,0.0,1.0,1.0,0.022222222222222223
750400,1.0,0.0,1.0,2.0,0.044444444444444446
750500,1.0,0.0,1.0,2.0,0.044444444444444446
750600,1.0,0.0,1.0,2.0,0.044444444444444446
760801,1.0,0.0,1.0,2.0,0.044444444444444446
760802,0.0,0.0,3.0,3.0,0.06666666666666667
760803,0.0,0.0,3.0,3.0,0.06666666666666667
770201,0.0,0.0,3.0,3.0,0.06666666666666667
770202,0.0,0.0,2.0,2.0,0.044444444444444446
770300,0.0,0.0,2.0,2.0,0.044444444444444446
770400,0.0,0.0,2.0,2.0,0.044444444444444446
770500,0.0,0.0,2.0,2.0,0.044444444444444446
770601,0.0,0.0,3.0,3.0,0.06666666666666667
770602,0.0,0.0,2.0,2.0,0.044444444444444446
770700,0.0,0.0,2.0,2.0,0.044444444444444446
770800,0.0,0.0,3.0,3.0,0.06666666666666667
770901,0.0,0.0,3.0,3.0,0.06666666666666667
770902,0.0,0.0,3.0,3.0,0.06666666666666667
800100,0.0,0.0,3.0,3.0,0.06666666666666667
800200,0.0,0.0,2.0,2.0,0.044444444444444446
800300,0.0,0.0,3.0,3.0,0.06666666666666667
800400,0.0,0.0,3.0,3.0,0.06666666666666667
800500,0.0,0.0,3.0,3.0,0.06666666666666667
800600,0.0,0.0,2.0,2.0,0.044444444444444446
800700,0.0,0.0,3.0,3.0,0.06666666666666667
800800,0.0,0.0,3.0,3.0,0.06666666666666667
800900,0.0,0.0,2.0,2.0,0.044444444444444446
801000,0.0,0.0,2.0,2.0,0.044444444444444446
801100,0.0,0.0,2.0,2.0,0.044444444444444446
801200,0.0,0.0,3.0,3.0,0.06666666666666667
801300,0.0,0.0,3.0,3.0,0.06666666666666667
801400,0.0,0.0,3.0,3.0,0.06666666666666667
801500,0.0,0.0,3.0,3.0,0.06666666666666667
801601,0.0,0.0,3.0,3.0,0.06666666666666667
801603,0.0,0.0,3.0,3.0,0.06666666666666667
801605,0.0,0.0,3.0,3.0,0.06666666666666667
801606,0.0,0.0,3.0,3.0,0.06666666666666667
801607,0.0,0.0,2.0,2.0,0.044444444444444446
801608,0.0,0.0,2.0,2.0,0.044444444444444446
801701,0.0,0.0,2.0,2.0,0.044444444444444446
801702,0.0,0.0,6.0,6.0,0.13333333333333333
801800,0.0,0.0,2.0,2.0,0.044444444444444446
801901,0.0,0.0,1.0,1.0,0.022222222222222223
801902,0.0,0.0,1.0,1.0,0.022222222222222223
802002,0.0,0.0,1.0,1.0,0.022222222222222223
802003,0.0,0.0,1.0,1.0,0.022222222222222223
802004,0.0,0.0,2.0,2.0,0.044444444444444446
802100,0.0,0.0,1.0,1.0,0.022222222222222223
802200,0.0,0.0,2.0,2.0,0.044444444444444446
802300,0.0,0.0,1.0,1.0,0.022222222222222223
802402,0.0,0.0,2.0,2.0,0.044444444444444446
802403,0.0,0.0,1.0,1.0,0.022222222222222223
802404,0.0,0.0,1.0,1.0,0.022222222222222223
802503,0.0,0.0,1.0,1.0,0.022222222222222223
802504,0.0,0.0,1.0,1.0,0.022222222222222223
802505,0.0,0.0,1.0,1.0,0.022222222222222223
802506,0.0,0.0,1.0,1.0,0.022222222222222223
802605,0.0,0.0,1.0,1.0,0.022222222222222223
802607,0.0,0.0,2.0,2.0,0.044444444444444446
802608,0.0,0.0,2.0,2.0,0.044444444444444446
802609,0.0,0.0,8.0,8.0,0.17777777777777778
802610,0.0,0.0,2.0,2.0,0.044444444444444446
802701,0.0,0.0,2.0,2.0,0.044444444444444446
802702,0.0,0.0,2.0,2.0,0.044444444444444446
802801,0.0,0.0,2.0,2.0,0.044444444444444446
802802,0.0,0.0,2.0,2.0,0.044444444444444446
802900,0.0,0.0,2.0,2.0,0.044444444444444446
803005,0.0,0.0,2.0,2.0,0.044444444444444446
803007,0.0,0.0,2.0,2.0,0.044444444444444446
803008,0.0,0.0,2.0,2.0,0.044444444444444446
803010,0.0,0.0,2.0,2.0,0.044444444444444446
803012,0.0,0.0,2.0,2.0,0.044444444444444446
803013,0.0,0.0,2.0,2.0,0.044444444444444446
803014,0.0,0.0,2.0,2.0,0.044444444444444446
803015,0.0,0.0,2.0,2.0,0.044444444444444446
803016,0.0,0.0,2.0,2.0,0.044444444444444446
803017,0.0,0.0,2.0,2.0,0.044444444444444446
803100,0.0,0.0,2.0,2.0,0.044444444444444446
803200,0.0,0.0,2.0,2.0,0.044444444444444446
803300,0.0,0.0,2.0,2.0,0.044444444444444446
803400,0.0,0.0,2.0,2.0,0.044444444444444446
803500,0.0,0.0,2.0,2.0,0.044444444444444446
803603,0.0,0.0,2.0,2.0,0.044444444444444446
803604,0.0,0.0,2.0,2.0,0.044444444444444446
803605,0.0,0.0,2.0,2.0,0.044444444444444446
803607,0.0,0.0,2.0,2.0,0.044444444444444446
803608,0.0,0.0,2.0,2.0,0.044444444444444446
803611,0.0,0.0,2.0,2.0,0.044444444444444446
803612,0.0,0.0,2.0,2.0,0.044444444444444446
803613,0.0,0.0,2.0,2.0,0.044444444444444446
803614,0.0,0.0,2.0,2.0,0.044444444444444446
803615,0.0,0.0,2.0,2.0,0.044444444444444446
803616,0.0,0.0,2.0,2.0,0.044444444444444446
803701,0.0,0.0,2.0,2.0,0.044444444444444446
803702,0.0,0.0,2.0,2.0,0.044444444444444446
803800,0.0,0.0,2.0,2.0,0.044444444444444446
803901,0.0,0.0,2.0,2.0,0.044444444444444446
803902,0.0,0.0,1.0,1.0,0.022222222222222223
804000,0.0,0.0,1.0,1.0,0.022222222222222223
804102,0.0,0.0,1.0,1.0,0.022222222222222223
804104,0.0,0.0,1.0,1.0,0.022222222222222223
804105,0.0,0.0,1.0,1.0,0.022222222222222223
804106,0.0,0.0,1.0,1.0,0.022222222222222223
804108,0.0,0.0,1.0,1.0,0.022222222222222223
804109,0.0,0.0,1.0,1.0,0.022222222222222223
804202,0.0,0.0,1.0,1.0,0.022222222222222223
804203,0.0,0.0,1.0,1.0,0.022222222222222223
804204,0.0,0.0,1.0,1.0,0.022222222222222223
804305,0.0,0.0,1.0,1.0,0.022222222222222223
804306,0.0,0.0,1.0,1.0,0.022222222222222223
804308,0.0,0.0,1.0,1.0,0.022222222222222223
804309,0.0,0.0,1.0,1.0,0.022222222222222223
804312,0.0,0.0,1.0,1.0,0.022222222222222223
804313,0.0,0.0,1.0,1.0,0.022222222222222223
804314,0.0,0.0,1.0,1.0,0.022222222222222223
804315,0.0,0.0,1.0,1.0,0.022222222222222223
804316,0.0,0.0,1.0,1.0,0.022222222222222223
804403,0.0,0.0,1.0,1.0,0.022222222222222223
804404,0.0,0.0,2.0,2.0,0.044444444444444446
804405,0.0,0.0,2.0,2.0,0.044444444444444446
804406,0.0,0.0,2.0,2.0,0.044444444444444446
804505,0.0,0.0,2.0,2.0,0.044444444444444446
804506,0.0,0.0,2.0,2.0,0.044444444444444446
804508,0.0,0.0,2.0,2.0,0.044444444444444446
804509,0.0,0.0,2.0,2.0,0.044444444444444446
804510,0.0,0.0,2.0,2.0,0.044444444444444446
804511,0.0,0.0,2.0,2.0,0.044444444444444446
804512,0.0,0.0,2.0,2.0,0.044444444444444446
804513,0.0,0.0,2.0,2.0,0.044444444444444446
804514,0.0,0.0,2.0,2.0,0.044444444444444446
804603,0.0,0.0,2.0,2.0,0.044444444444444446
804606,0.0,0.0,2.0,2.0,0.044444444444444446
804607,0.0,0.0,4.0,4.0,0.08888888888888889
804608,0.0,0.0,2.0,2.0,0.044444444444444446
804609,0.0,0.0,2.0,2.0,0.044444444444444446
804610,0.0,0.0,2.0,2.0,0.044444444444444446
804611,0.0,0.0,2.0,2.0,0.044444444444444446
804701,0.0,0.0,2.0,2.0,0.044444444444444446
804705,0.0,0.0,2.0,2.0,0.044444444444444446
804706,0.0,0.0,2.0,2.0,0.044444444444444446
804709,0.0,0.0,2.0,2.0,0.044444444444444446
804710,0.0,0.0,2.0,2.0,0.044444444444444446
804711,0.0,0.0,2.0,2.0,0.044444444444444446
804712,0.0,0.0,2.0,2.0,0.044444444444444446
804713,0.0,0.0,2.0,2.0,0.044444444444444446
804714,0.0,0.0,2.0,2.0,0.044444444444444446
804715,0.0,0.0,8.0,8.0,0.17777777777777778
804716,0.0,0.0,2.0,2.0,0.044444444444444446
804803,0.0,0.0,2.0,2.0,0.044444444444444446
804804,0.0,0.0,2.0,2.0,0.044444444444444446
804805,0.0,0.0,2.0,2.0,0.044444444444444446
804806,0.0,0.0,2.0,2.0,0.044444444444444446
804807,0.0,0.0,2.0,2.0,0.044444444444444446
804808,0.0,0.0,2.0,2.0,0.044444444444444446
804809,0.0,0.0,2.0,2.0,0.044444444444444446
804810,0.0,0.0,2.0,2.0,0.044444444444444446
804901,0.0,0.0,2.0,2.0,0.044444444444444446
804902,0.0,0.0,2.0,2.0,0.044444444444444446
805001,0.0,0.0,4.0,4.0,0.08888888888888889
805002,0.0,0.0,2.0,2.0,0.044444444444444446
805105,0.0,0.0,4.0,4.0,0.08888888888888889
805106,0.0,0.0,2.0,2.0,0.044444444444444446
805107,0.0,0.0,2.0,2.0,0.044444444444444446
805108,0.0,0.0,2.0,2.0,0.044444444444444446
805109,0.0,0.0,2.0,2.0,0.044444444444444446
805110,0.0,0.0,2.0,2.0,0.044444444444444446
805111,0.0,0.0,2.0,2.0,0.044444444444444446
805112,0.0,0.0,2.0,2.0,0.044444444444444446
805201,0.0,0.0,2.0,2.0,0.044444444444444446
805202,0.0,0.0,2.0,2.0,0.044444444444444446
805301,0.0,0.0,2.0,2.0,0.044444444444444446
805302,0.0,0.0,2.0,2.0,0.044444444444444446
805401,0.0,0.0,2.0,2.0,0.044444444444444446
805402,0.0,0.0,2.0,2.0,0.044444444444444446
805501,0.0,0.0,2.0,2.0,0.044444444444444446
805502,0.0,0.0,2.0,2.0,0.044444444444444446
805600,0.0,0.0,2.0,2.0,0.044444444444444446
805701,0.0,0.0,2.0,2.0,0.044444444444444446
805702,0.0,0.0,2.0,2.0,0.044444444444444446
805801,0.0,0.0,2.0,2.0,0.044444444444444446
805802,0.0,0.0,2.0,2.0,0.044444444444444446
805901,0.0,0.0,2.0,2.0,0.044444444444444446
805902,0.0,0.0,2.0,2.0,0.044444444444444446
806001,0.0,0.0,2.0,2.0,0.044444444444444446
806002,0.0,0.0,2.0,2.0,0.044444444444444446
806004,0.0,0.0,2.0,2.0,0.044444444444444446
806005,0.0,0.0,2.0,2.0,0.044444444444444446
806006,0.0,0.0,2.0,2.0,0.044444444444444446
806102,0.0,0.0,2.0,2.0,0.044444444444444446
806103,0.0,0.0,2.0,2.0,0.044444444444444446
806104,0.0,0.0,2.0,2.0,0.044444444444444446
806201,0.0,0.0,2.0,2.0,0.044444444444444446
806202,0.0,0.0,2.0,2.0,0.044444444444444446
806300,0.0,0.0,2.0,2.0,0.044444444444444446
806400,0.0,0.0,2.0,2.0,0.044444444444444446
806501,0.0,0.0,3.0,3.0,0.06666666666666667
806502,0.0,0.0,3.0,3.0,0.06666666666666667
806600,0.0,0.0,3.0,3.0,0.06666666666666667
806700,0.0,0.0,3.0,3.0,0.06666666666666667
806801,0.0,0.0,3.0,3.0,0.06666666666666667
806802,0.0,0.0,3.0,3.0,0.06666666666666667
806900,0.0,0.0,3.0,3.0,0.06666666666666667
807000,0.0,0.0,3.0,3.0,0.06666666666666667
807100,0.0,0.0,3.0,3.0,0.06666666666666667
807200,0.0,0.0,3.0,3.0,0.06666666666666667
807300,0.0,0.0,3.0,3.0,0.06666666666666667
807400,0.0,0.0,3.0,3.0,0.06666666666666667
807500,0.0,0.0,3.0,3.0,0.06666666666666667
807600,0.0,0.0,3.0,3.0,0.06666666666666667
807700,0.0,0.0,3.0,3.0,0.06666666666666667
807800,0.0,0.0,11.0,11.0,0.24444444444444444
807900,0.0,0.0,3.0,3.0,0.06666666666666667
808001,0.0,0.0,3.0,3.0,0.06666666666666667
808002,0.0,0.0,3.0,3.0,0.06666666666666667
808100,0.0,0.0,3.0,3.0,0.06666666666666667
808200,0.0,0.0,3.0,3.0,0.06666666666666667
808301,0.0,0.0,3.0,3.0,0.06666666666666667
808302,0.0,0.0,3.0,3.0,0.06666666666666667
808400,0.0,0.0,3.0,3.0,0.06666666666666667
808500,0.0,0.0,3.0,3.0,0.06666666666666667
808600,0.0,0.0,2.0,2.0,0.044444444444444446
808702,0.0,0.0,2.0,2.0,0.044444444444444446
808800,0.0,0.0,2.0,2.0,0.044444444444444446
808900,0.0,0.0,2.0,2.0,0.044444444444444446
809000,0.0,0.0,2.0,2.0,0.044444444444444446
809100,0.0,0.0,2.0,2.0,0.044444444444444446
809200,0.0,0.0,1.0,1.0,0.022222222222222223
809300,0.0,0.0,1.0,1.0,0.022222222222222223
809401,0.0,0.0,1.0,1.0,0.022222222222222223
809402,0.0,0.0,1.0,1.0,0.022222222222222223
809500,0.0,0.0,1.0,1.0,0.022222222222222223
809600,0.0,0.0,1.0,1.0,0.022222222222222223
809700,0.0,0.0,1.0,1.0,0.022222222222222223
809800,0.0,0.0,1.0,1.0,0.022222222222222223
809900,0.0,0.0,1.0,1.0,0.022222222222222223
810000,0.0,0.0,1.0,1.0,0.022222222222222223
810100,0.0,0.0,1.0,1.0,0.022222222222222223
810200,0.0,0.0,1.0,1.0,0.022222222222222223
810301,0.0,0.0,1.0,1.0,0.022222222222222223
810302,0.0,0.0,2.0,2.0,0.044444444444444446
810400,0.0,0.0,2.0,2.0,0.044444444444444446
810501,0.0,0.0,2.0,2.0,0.044444444444444446
810502,0.0,0.0,2.0,2.0,0.044444444444444446
810600,0.0,0.0,2.0,2.0,0.044444444444444446
810701,0.0,0.0,2.0,2.0,0.044444444444444446
810702,0.0,0.0,2.0,2.0,0.044444444444444446
810800,0.0,0.0,2.0,2.0,0.044444444444444446
810900,0.0,0.0,2.0,2.0,0.044444444444444446
811000,0.0,0.0,2.0,2.0,0.044444444444444446
811100,0.0,0.0,2.0,2.0,0.044444444444444446
811200,0.0,0.0,2.0,2.0,0.044444444444444446
811301,0.0,0.0,2.0,2.0,0.044444444444444446
811302,0.0,0.0,2.0,2.0,0.044444444444444446
811401,0.0,0.0,2.0,2.0,0.044444444444444446
811402,0.0,0.0,2.0,2.0,0.044444444444444446
811500,0.0,0.0,2.0,2.0,0.044444444444444446
811600,0.0,0.0,2.0,2.0,0.044444444444444446
811701,0.0,0.0,1.0,1.0,0.022222222222222223
811702,0.0,0.0,1.0,1.0,0.022222222222222223
811800,0.0,0.0,1.0,1.0,0.022222222222222223
811900,0.0,0.0,1.0,1.0,0.022222222222222223
812000,0.0,0.0,1.0,1.0,0.022222222222222223
812100,0.0,0.0,1.0,1.0,0.022222222222222223
812200,0.0,0.0,1.0,1.0,0.022222222222222223
812301,0.0,0.0,1.0,1.0,0.022222222222222223
812302,0.0,0.0,1.0,1.0,0.022222222222222223
812400,0.0,0.0,1.0,1.0,0.022222222222222223
812500,0.0,0.0,1.0,1.0,0.022222222222222223
812600,0.0,0.0,1.0,1.0,0.022222222222222223
812700,0.0,0.0,1.0,1.0,0.022222222222222223
812801,0.0,0.0,1.0,1.0,0.022222222222222223
812802,0.0,0.0,1.0,1.0,0.022222222222222223
812900,0.0,0.0,1.0,1.0,0.022222222222222223
813000,0.0,0.0,1.0,1.0,0.022222222222222223
813100,0.0,0.0,1.0,1.0,0.022222222222222223
813200,0.0,0.0,1.0,1.0,0.022222222222222223
813301,0.0,0.0,1.0,1.0,0.022222222222222223
813302,0.0,0.0,1.0,1.0,0.022222222222222223
813400,0.0,0.0,1.0,1.0,0.022222222222222223
813500,0.0,0.0,1.0,1.0,0.022222222222222223
813600,0.0,0.0,1.0,1.0,0.022222222222222223
813701,0.0,0.0,1.0,1.0,0.022222222222222223
813702,0.0,0.0,1.0,1.0,0.022222222222222223
813801,0.0,0.0,1.0,1.0,0.022222222222222223
813802,0.0,0.0,1.0,1.0,0.022222222222222223
813900,0.0,0.0,1.0,1.0,0.022222222222222223
814000,0.0,0.0,1.0,1.0,0.022222222222222223
814100,0.0,0.0,2.0,2.0,0.044444444444444446
814200,0.0,0.0,2.0,2.0,0.044444444444444446
814300,0.0,0.0,2.0,2.0,0.044444444444444446
814400,0.0,0.0,4.0,4.0,0.08888888888888889
814500,0.0,0.0,2.0,2.0,0.044444444444444446
814600,0.0,0.0,4.0,4.0,0.08888888888888889
814700,0.0,0.0,2.0,2.0,0.044444444444444446
814800,0.0,0.0,2.0,2.0,0.044444444444444446
814900,0.0,0.0,2.0,2.0,0.044444444444444446
815000,0.0,0.0,2.0,2.0,0.044444444444444446
815100,0.0,0.0,2.0,2.0,0.044444444444444446
815200,0.0,0.0,2.0,2.0,0.044444444444444446
815300,0.0,0.0,2.0,2.0,0.044444444444444446
815400,0.0,0.0,2.0,2.0,0.044444444444444446
815500,0.0,0.0,2.0,2.0,0.044444444444444446
815600,0.0,0.0,2.0,2.0,0.044444444444444446
815701,0.0,0.0,2.0,2.0,0.044444444444444446
815702,0.0,0.0,2.0,2.0,0.044444444444444446
815800,0.0,0.0,2.0,2.0,0.044444444444444446
815900,0.0,0.0,2.0,2.0,0.044444444444444446
816000,0.0,0.0,2.0,2.0,0.044444444444444446
816100,0.0,0.0,1.0,1.0,0.022222222222222223
816200,0.0,0.0,1.0,1.0,0.022222222222222223
816300,0.0,0.0,5.0,5.0,0.1111111111111111
816401,0.0,0.0,1.0,1.0,0.022222222222222223
816402,0.0,0.0,2.0,2.0,0.044444444444444446
816500,0.0,0.0,1.0,1.0,0.022222222222222223
816600,0.0,0.0,1.0,1.0,0.022222222222222223
816700,0.0,0.0,1.0,1.0,0.022222222222222223
816800,0.0,0.0,1.0,1.0,0.022222222222222223
816900,0.0,0.0,1.0,1.0,0.022222222222222223
817000,0.0,0.0,1.0,1.0,0.022222222222222223
817101,0.0,0.0,1.0,1.0,0.022222222222222223
817102,0.0,0.0,1.0,1.0,0.022222222222222223
817200,0.0,0.0,1.0,1.0,0.022222222222222223
817300,0.0,0.0,1.0,1.0,0.022222222222222223
817400,0.0,0.0,1.0,1.0,0.022222222222222223
817500,0.0,0.0,1.0,1.0,0.022222222222222223
817600,0.0,0.0,1.0,1.0,0.022222222222222223
817700,0.0,0.0,1.0,1.0,0.022222222222222223
817900,0.0,0.0,1.0,1.0,0.022222222222222223
818000,0.0,0.0,1.0,1.0,0.022222222222222223
818100,0.0,0.0,1.0,1.0,0.022222222222222223
818200,0.0,0.0,1.0,1.0,0.022222222222222223
818300,0.0,0.0,1.0,1.0,0.022222222222222223
818401,0.0,0.0,1.0,1.0,0.022222222222222223
818402,0.0,0.0,1.0,1.0,0.022222222222222223
818500,0.0,0.0,1.0,1.0,0.022222222222222223
818600,0.0,0.0,1.0,1.0,0.022222222222222223
818700,0.0,0.0,1.0,1.0,0.022222222222222223
818800,0.0,0.0,1.0,1.0,0.022222222222222223
818900,0.0,0.0,1.0,1.0,0.022222222222222223
819000,0.0,0.0,1.0,1.0,0.022222222222222223
819100,0.0,0.0,1.0,1.0,0.022222222222222223
819200,0.0,0.0,1.0,1.0,0.022222222222222223
819300,0.0,0.0,1.0,1.0,0.022222222222222223
819400,0.0,0.0,1.0,1.0,0.022222222222222223
819500,0.0,0.0,1.0,1.0,0.022222222222222223
819600,0.0,0.0,1.0,1.0,0.022222222222222223
819700,0.0,0.0,1.0,1.0,0.022222222222222223
819801,0.0,0.0,1.0,1.0,0.022222222222222223
819802,0.0,0.0,1.0,1.0,0.022222222222222223
819900,0.0,0.0,2.0,2.0,0.044444444444444446
820000,0.0,0.0,2.0,2.0,0.044444444444444446
820101,0.0,0.0,2.0,2.0,0.044444444444444446
820103,0.0,0.0,2.0,2.0,0.044444444444444446
820104,0.0,0.0,2.0,2.0,0.044444444444444446
820202,0.0,0.0,2.0,2.0,0.044444444444444446
820203,0.0,0.0,2.0,2.0,0.044444444444444446
820204,0.0,0.0,2.0,2.0,0.044444444444444446
820300,0.0,0.0,2.0,2.0,0.044444444444444446
820400,0.0,0.0,2.0,2.0,0.044444444444444446
820501,0.0,0.0,2.0,2.0,0.044444444444444446
820502,0.0,0.0,2.0,2.0,0.044444444444444446
820603,0.0,0.0,2.0,2.0,0.044444444444444446
820604,0.0,0.0,2.0,2.0,0.044444444444444446
820605,0.0,0.0,2.0,2.0,0.044444444444444446
820606,0.0,0.0,2.0,2.0,0.044444444444444446
820700,0.0,0.0,2.0,2.0,0.044444444444444446
820800,0.0,0.0,2.0,2.0,0.044444444444444446
820901,0.0,0.0,2.0,2.0,0.044444444444444446
820902,0.0,0.0,2.0,2.0,0.044444444444444446
821001,0.0,0.0,2.0,2.0,0.044444444444444446
821002,0.0,0.0,1.0,1.0,0.022222222222222223
821101,0.0,0.0,1.0,1.0,0.022222222222222223
821102,0.0,0.0,3.0,3.0,0.06666666666666667
821200,0.0,0.0,1.0,1.0,0.022222222222222223
821300,0.0,0.0,1.0,1.0,0.022222222222222223
821401,0.0,0.0,1.0,1.0,0.022222222222222223
821402,0.0,0.0,1.0,1.0,0.022222222222222223
821500,0.0,0.0,1.0,1.0,0.022222222222222223
821600,0.0,0.0,1.0,1.0,0.022222222222222223
821700,0.0,0.0,1.0,1.0,0.022222222222222223
821800,0.0,0.0,1.0,1.0,0.022222222222222223
821900,0.0,0.0,1.0,1.0,0.022222222222222223
822000,0.0,0.0,1.0,1.0,0.022222222222222223
822101,0.0,0.0,1.0,1.0,0.022222222222222223
822102,0.0,0.0,1.0,1.0,0.022222222222222223
822200,0.0,0.0,1.0,1.0,0.022222222222222223
822301,0.0,0.0,1.0,1.0,0.022222222222222223
822302,0.0,0.0,1.0,1.0,0.022222222222222223
822400,0.0,0.0,1.0,1.0,0.022222222222222223
822500,0.0,0.0,1.0,1.0,0.022222222222222223
822601,0.0,0.0,1.0,1.0,0.022222222222222223
822602,0.0,0.0,1.0,1.0,0.022222222222222223
822701,0.0,0.0,1.0,1.0,0.022222222222222223
822702,0.0,0.0,1.0,1.0,0.022222222222222223
822801,0.0,0.0,1.0,1.0,0.022222222222222223
822802,0.0,0.0,1.0,1.0,0.022222222222222223
822900,0.0,0.0,1.0,1.0,0.022222222222222223
823001,0.0,0.0,1.0,1.0,0.022222222222222223
823002,0.0,0.0,1.0,1.0,0.022222222222222223
823101,0.0,0.0,1.0,1.0,0.022222222222222223
823102,0.0,0.0,1.0,1.0,0.022222222222222223
823200,0.0,0.0,1.0,1.0,0.022222222222222223
823302,0.0,0.0,1.0,1.0,0.022222222222222223
823303,0.0,0.0,1.0,1.0,0.022222222222222223
823304,0.0,0.0,1.0,1.0,0.022222222222222223
823400,0.0,0.0,1.0,1.0,0.022222222222222223
823500,0.0,0.0,1.0,1.0,0.022222222222222223
823602,0.0,0.0,1.0,1.0,0.022222222222222223
823603,0.0,0.0,1.0,1.0,0.022222222222222223
823604,0.0,0.0,1.0,1.0,0.022222222222222223
823605,0.0,0.0,1.0,1.0,0.022222222222222223
823702,0.0,0.0,1.0,1.0,0.022222222222222223
823703,0.0,0.0,1.0,1.0,0.022222222222222223
823704,0.0,0.0,1.0,1.0,0.022222222222222223
823705,0.0,0.0,1.0,1.0,0.022222222222222223
823801,0.0,0.0,1.0,1.0,0.022222222222222223
823803,0.0,0.0,1.0,1.0,0.022222222222222223
823805,0.0,0.0,1.0,1.0,0.022222222222222223
823806,0.0,0.0,1.0,1.0,0.022222222222222223
823901,0.0,0.0,1.0,1.0,0.022222222222222223
823903,0.0,0.0,1.0,1.0,0.022222222222222223
823904,0.0,0.0,1.0,1.0,0.022222222222222223
824003,0.0,0.0,1.0,1.0,0.022222222222222223
824004,0.0,0.0,1.0,1.0,0.022222222222222223
824005,0.0,0.0,1.0,1.0,0.022222222222222223
824006,0.0,0.0,1.0,1.0,0.022222222222222223
824105,0.0,0.0,1.0,1.0,0.022222222222222223
824106,0.0,0.0,1.0,1.0,0.022222222222222223
824107,0.0,0.0,1.0,1.0,0.022222222222222223
824113,0.0,0.0,1.0,1.0,0.022222222222222223
824114,0.0,0.0,1.0,1.0,0.022222222222222223
824115,0.0,0.0,1.0,1.0,0.022222222222222223
824116,0.0,0.0,1.0,1.0,0.022222222222222223
824119,0.0,0.0,1.0,1.0,0.022222222222222223
824121,0.0,0.0,1.0,1.0,0.022222222222222223
824122,0.0,0.0,1.0,1.0,0.022222222222222223
824123,0.0,0.0,1.0,1.0,0.022222222222222223
824124,0.0,0.0,1.0,1.0,0.022222222222222223
824125,0.0,0.0,1.0,1.0,0.022222222222222223
824126,0.0,0.0,1.0,1.0,0.022222222222222223
824127,0.0,0.0,1.0,1.0,0.022222222222222223
824128,0.0,0.0,1.0,1.0,0.022222222222222223
824129,0.0,0.0,1.0,1.0,0.022222222222222223
824300,0.0,0.0,1.0,1.0,0.022222222222222223
824400,0.0,0.0,1.0,1.0,0.022222222222222223
824503,0.0,0.0,1.0,1.0,0.022222222222222223
824505,0.0,0.0,1.0,1.0,0.022222222222222223
824507,0.0,0.0,1.0,1.0,0.022222222222222223
824508,0.0,0.0,1.0,1.0,0.022222222222222223
824509,0.0,0.0,1.0,1.0,0.022222222222222223
824601,0.0,0.0,1.0,1.0,0.022222222222222223
824602,0.0,0.0,1.0,1.0,0.022222222222222223
824701,0.0,0.0,1.0,1.0,0.022222222222222223
824702,0.0,0.0,1.0,1.0,0.022222222222222223
824800,0.0,0.0,1.0,1.0,0.022222222222222223
824900,0.0,0.0,1.0,1.0,0.022222222222222223
825000,0.0,0.0,1.0,1.0,0.022222222222222223
825200,0.0,0.0,1.0,1.0,0.022222222222222223
825302,0.0,0.0,1.0,1.0,0.022222222222222223
825303,0.0,0.0,1.0,1.0,0.022222222222222223
825304,0.0,0.0,1.0,1.0,0.022222222222222223
825400,0.0,0.0,1.0,1.0,0.022222222222222223
825501,0.0,0.0,1.0,1.0,0.022222222222222223
825503,0.0,0.0,1.0,1.0,0.022222222222222223
825504,0.0,0.0,1.0,1.0,0.022222222222222223
825505,0.0,0.0,1.0,1.0,0.022222222222222223
825600,0.0,0.0,1.0,1.0,0.022222222222222223
825700,0.0,0.0,1.0,1.0,0.022222222222222223
825801,0.0,0.0,1.0,1.0,0.022222222222222223
825802,0.0,0.0,1.0,1.0,0.022222222222222223
825803,0.0,0.0,1.0,1.0,0.022222222222222223
825900,0.0,0.0,1.0,1.0,0.022222222222222223
826000,0.0,0.0,1.0,1.0,0.022222222222222223
826100,0.0,0.0,1.0,1.0,0.022222222222222223
826201,0.0,0.0,1.0,1.0,0.022222222222222223
826202,0.0,0.0,1.0,1.0,0.022222222222222223
826301,0.0,0.0,1.0,1.0,0.022222222222222223
826303,0.0,0.0,1.0,1.0,0.022222222222222223
826304,0.0,0.0,1.0,1.0,0.022222222222222223
826401,0.0,0.0,1.0,1.0,0.022222222222222223
826402,0.0,0.0,1.0,1.0,0.022222222222222223
826500,0.0,0.0,1.0,1.0,0.022222222222222223
826600,0.0,0.0,1.0,1.0,0.022222222222222223
826700,1.0,0.0,1.0,2.0,0.044444444444444446
826800,0.0,0.0,1.0,1.0,0.022222222222222223
826901,0.0,0.0,1.0,1.0,0.022222222222222223
826902,0.0,0.0,1.0,1.0,0.022222222222222223
827000,0.0,0.0,1.0,1.0,0.022222222222222223
827100,0.0,0.0,1.0,1.0,0.022222222222222223
827200,0.0,0.0,1.0,1.0,0.022222222222222223
827300,0.0,0.0,1.0,1.0,0.022222222222222223
827400,0.0,0.0,1.0,1.0,0.022222222222222223
827500,0.0,0.0,1.0,1.0,0.022222222222222223
827600,0.0,0.0,1.0,1.0,0.022222222222222223
827700,0.0,0.0,1.0,1.0,0.022222222222222223
827801,0.0,0.0,1.0,1.0,0.022222222222222223
827802,0.0,0.0,1.0,1.0,0.022222222222222223
827804,0.0,0.0,1.0,1.0,0.022222222222222223
827805,0.0,0.0,1.0,1.0,0.022222222222222223
827901,0.0,0.0,1.0,1.0,0.022222222222222223
827902,0.0,0.0,1.0,1.0,0.022222222222222223
828000,0.0,0.0,1.0,1.0,0.022222222222222223
828100,0.0,0.0,1.0,1.0,0.022222222222222223
828201,0.0,0.0,1.0,1.0,0.022222222222222223
828202,0.0,0.0,1.0,1.0,0.022222222222222223
828300,0.0,0.0,1.0,1.0,0.022222222222222223
828401,0.0,0.0,1.0,1.0,0.022222222222222223
828402,0.0,0.0,1.0,1.0,0.022222222222222223
828503,0.0,0.0,1.0,1.0,0.022222222222222223
828504,0.0,0.0,1.0,1.0,0.022222222222222223
828505,0.0,0.0,1.0,1.0,0.022222222222222223
828507,0.0,0.0,1.0,1.0,0.022222222222222223
828508,0.0,0.0,1.0,1.0,0.022222222222222223
828601,0.0,0.0,1.0,1.0,0.022222222222222223
828602,0.0,0.0,1.0,1.0,0.022222222222222223
828701,0.0,0.0,1.0,1.0,0.022222222222222223
828702,0.0,0.0,1.0,1.0,0.022222222222222223
828801,0.0,0.0,1.0,1.0,0.022222222222222223
828802,0.0,0.0,1.0,1.0,0.022222222222222223
828900,0.0,0.0,1.0,1.0,0.022222222222222223
829000,0.0,0.0,1.0,1.0,0.022222222222222223
829100,0.0,0.0,1.0,1.0,0.022222222222222223
829200,0.0,0.0,1.0,1.0,0.022222222222222223
829301,0.0,0.0,1.0,1.0,0.022222222222222223
829302,0.0,0.0,1.0,1.0,0.022222222222222223
829401,0.0,0.0,1.0,1.0,0.022222222222222223
829402,0.0,0.0,1.0,1.0,0.022222222222222223
829500,0.0,0.0,1.0,1.0,0.022222222222222223
829600,0.0,0.0,1.0,1.0,0.022222222222222223
829700,0.0,0.0,1.0,1.0,0.022222222222222223
829800,0.0,0.0,1.0,1.0,0.022222222222222223
829902,0.0,0.0,1.0,1.0,0.022222222222222223
829903,0.0,0.0,1.0,1.0,0.022222222222222223
829904,0.0,0.0,1.0,1.0,0.022222222222222223
830001,0.0,0.0,1.0,1.0,0.022222222222222223
830003,0.0,0.0,1.0,1.0,0.022222222222222223
830004,0.0,0.0,1.0,1.0,0.022222222222222223
830005,0.0,0.0,1.0,1.0,0.022222222222222223
830006,0.0,0.0,1.0,1.0,0.022222222222222223
830007,0.0,0.0,1.0,1.0,0.022222222222222223
830008,0.0,0.0,1.0,1.0,0.022222222222222223
830100,0.0,0.0,1.0,1.0,0.022222222222222223
830201,0.0,0.0,1.0,1.0,0.022222222222222223
830202,0.0,0.0,2.0,2.0,0.044444444444444446
830300,0.0,0.0,2.0,2.0,0.044444444444444446
830400,0.0,0.0,2.0,2.0,0.044444444444444446
830500,0.0,0.0,2.0,2.0,0.044444444444444446
830600,1.0,0.0,2.0,3.0,0.06666666666666667
830700,1.0,0.0,2.0,3.0,0.06666666666666667
830800,0.0,0.0,2.0,2.0,0.044444444444444446
830900,1.0,0.0,2.0,3.0,0.06666666666666667
831000,1.0,1.0,2.0,4.0,0.08888888888888889
831100,1.0,0.0,2.0,3.0,0.06666666666666667
831200,0.0,0.0,2.0,2.0,0.044444444444444446
831300,0.0,0.0,2.0,2.0,0.044444444444444446
831400,0.0,0.0,1.0,1.0,0.022222222222222223
831500,0.0,1.0,1.0,2.0,0.044444444444444446
831600,1.0,1.0,1.0,3.0,0.06666666666666667
831700,0.0,0.0,1.0,1.0,0.022222222222222223
831800,0.0,2.0,1.0,3.0,0.06666666666666667
831900,1.0,0.0,2.0,3.0,0.06666666666666667
832000,0.0,0.0,1.0,1.0,0.022222222222222223
832100,1.0,0.0,1.0,2.0,0.044444444444444446
832200,0.0,0.0,1.0,1.0,0.022222222222222223
832300,1.0,0.0,1.0,2.0,0.044444444444444446
832400,1.0,0.0,2.0,3.0,0.06666666666666667
832500,1.0,0.0,1.0,2.0,0.044444444444444446
832600,1.0,0.0,1.0,2.0,0.044444444444444446
832900,1.0,0.0,1.0,2.0,0.044444444444444446
833000,1.0,1.0,1.0,3.0,0.06666666666666667
833100,1.0,0.0,1.0,2.0,0.044444444444444446
833300,1.0,0.0,1.0,2.0,0.044444444444444446
833900,1.0,1.0,1.0,3.0,0.06666666666666667
834000,0.0,0.0,1.0,1.0,0.022222222222222223
834200,1.0,0.0,1.0,2.0,0.044444444444444446
834300,1.0,1.0,1.0,3.0,0.06666666666666667
834400,1.0,0.0,1.0,2.0,0.044444444444444446
834500,0.0,0.0,1.0,1.0,0.022222222222222223
834600,1.0,1.0,1.0,3.0,0.06666666666666667
834700,1.0,0.0,1.0,2.0,0.044444444444444446
834800,1.0,0.0,2.0,3.0,0.06666666666666667
834900,1.0,0.0,1.0,2.0,0.044444444444444446
835000,0.0,0.0,1.0,1.0,0.022222222222222223
835100,1.0,0.0,1.0,2.0,0.044444444444444446
835200,0.0,0.0,1.0,1.0,0.022222222222222223
835500,1.0,0.0,1.0,2.0,0.044444444444444446
835600,1.0,0.0,1.0,2.0,0.044444444444444446
835800,1.0,0.0,1.0,2.0,0.044444444444444446
836000,1.0,0.0,1.0,2.0,0.044444444444444446
836100,0.0,0.0,1.0,1.0,0.022222222222222223
836200,0.0,0.0,1.0,1.0,0.022222222222222223
836300,1.0,0.0,1.0,2.0,0.044444444444444446
836400,1.0,0.0,1.0,2.0,0.044444444444444446
836500,1.0,0.0,1.0,2.0,0.044444444444444446
836600,1.0,0.0,1.0,2.0,0.044444444444444446
836700,1.0,3.0,1.0,5.0,0.1111111111111111
836800,1.0,0.0,1.0,2.0,0.044444444444444446
836900,0.0,0.0,1.0,1.0,0.022222222222222223
837000,0.0,0.0,1.0,1.0,0.022222222222222223
837100,1.0,0.0,1.0,2.0,0.044444444444444446
837300,1.0,0.0,1.0,2.0,0.044444444444444446
837400,1.0,0.0,1.0,2.0,0.044444444444444446
837800,1.0,0.0,1.0,2.0,0.044444444444444446
838000,1.0,1.0,1.0,3.0,0.06666666666666667
838100,0.0,0.0,1.0,1.0,0.022222222222222223
838200,1.0,0.0,1.0,2.0,0.044444444444444446
838300,1.0,0.0,1.0,2.0,0.044444444444444446
838600,0.0,0.0,1.0,1.0,0.022222222222222223
838700,1.0,0.0,1.0,2.0,0.044444444444444446
838800,1.0,0.0,1.0,2.0,0.044444444444444446
839000,1.0,0.0,1.0,2.0,0.044444444444444446
839100,0.0,1.0,1.0,2.0,0.044444444444444446
839200,1.0,0.0,1.0,2.0,0.044444444444444446
839500,0.0,1.0,1.0,2.0,0.044444444444444446
839600,1.0,0.0,1.0,2.0,0.044444444444444446
839700,1.0,1.0,1.0,3.0,0.06666666666666667
839800,1.0,0.0,1.0,2.0,0.044444444444444446
839900,1.0,0.0,1.0,2.0,0.044444444444444446
840000,0.0,0.0,1.0,1.0,0.022222222222222223
840100,1.0,0.0,1.0,2.0,0.044444444444444446
840200,1.0,0.0,1.0,2.0,0.044444444444444446
840300,1.0,0.0,1.0,2.0,0.044444444444444446
840400,1.0,0.0,1.0,2.0,0.044444444444444446
840700,0.0,0.0,1.0,1.0,0.022222222222222223
840800,0.0,0.0,2.0,2.0,0.044444444444444446
841000,0.0,0.0,1.0,1.0,0.022222222222222223
841100,1.0,1.0,1.0,3.0,0.06666666666666667
841200,0.0,0.0,1.0,1.0,0.022222222222222223
841300,1.0,0.0,1.0,2.0,0.044444444444444446
841500,1.0,1.0,1.0,3.0,0.06666666666666667
841700,1.0,0.0,1.0,2.0,0.044444444444444446
841800,1.0,2.0,1.0,4.0,0.08888888888888889
841900,1.0,0.0,1.0,2.0,0.044444444444444446
842000,0.0,0.0,1.0,1.0,0.022222222222222223
842100,1.0,0.0,2.0,3.0,0.06666666666666667
842200,1.0,0.0,2.0,3.0,0.06666666666666667
842300,1.0,0.0,2.0,3.0,0.06666666666666667
842400,1.0,0.0,2.0,3.0,0.06666666666666667
842500,1.0,0.0,2.0,3.0,0.06666666666666667
842600,1.0,1.0,2.0,4.0,0.08888888888888889
842800,1.0,0.0,3.0,4.0,0.08888888888888889
842900,1.0,0.0,3.0,4.0,0.08888888888888889
843000,1.0,0.0,3.0,4.0,0.08888888888888889
843100,1.0,0.0,3.0,4.0,0.08888888888888889
843200,1.0,0.0,2.0,3.0,0.06666666666666667
843300,0.0,0.0,3.0,3.0,0.06666666666666667
843400,0.0,0.0,3.0,3.0,0.06666666666666667
843500,1.0,0.0,3.0,4.0,0.08888888888888889
843600,1.0,0.0,3.0,4.0,0.08888888888888889
843700,1.0,0.0,2.0,3.0,0.06666666666666667
843800,1.0,0.0,2.0,3.0,0.06666666666666667
843900,2.0,0.0,2.0,4.0,0.08888888888888889
844600,0.0,0.0,2.0,2.0,0.044444444444444446
844700,1.0,0.0,2.0,3.0,0.06666666666666667
980000,0.0,0.0,1.0,1.0,0.022222222222222223
980100,0.0,0.0,1.0,1.0,0.022222222222222223
990000,0.0,0.0,1.0,1.0,0.022222222222222223
