Tract,Total Pop,Park Acres,Parks Score,Libraries Count,Libraries Score,Bus Count,Bus Score,L Count,L Score,Divvy Count,Divvy Score,Transit Score,APS Index
010100,13602.0,10.16,1.0,0.0,0.0,1.0,1.0,0.0,0.0,1.0,3.0,2.0,0.009999000000000001
010201,24696.0,9.45,1.0,0.0,0.0,3.0,1.0,0.0,0.0,2.0,4.0,2.0,0.009999000000000001
010202,12496.0,7.04,1.0,0.0,0.0,12.0,15.0,4.0,47.0,2.0,17.0,11.0,0.039996000000000004
010300,24340.0,4.4,1.0,0.0,0.0,14.0,9.0,2.0,7.0,2.0,7.0,6.0,0.023330999999999998
010400,13761.0,46.7,4.0,0.0,0.0,9.0,7.0,0.0,0.0,1.0,3.0,6.0,0.03333
010501,12171.0,0.27,1.0,0.0,0.0,8.0,7.0,0.0,0.0,1.0,4.0,6.0,0.023330999999999998
010502,8448.0,0.18,1.0,0.0,0.0,4.0,5.0,0.0,0.0,1.0,8.0,5.0,0.019998
010503,6546.0,0.0,0.0,0.0,0.0,5.0,9.0,2.0,32.0,1.0,11.0,10.0,0.03333
010600,19659.0,0.0,0.0,0.0,0.0,10.0,6.0,2.0,6.0,1.0,1.0,5.0,0.016665
010701,10938.0,1.52,1.0,0.0,0.0,7.0,7.0,0.0,0.0,1.0,5.0,6.0,0.023330999999999998
010702,15042.0,0.0,0.0,1.0,8.0,13.0,10.0,0.0,0.0,2.0,9.0,8.0,0.053328
020100,7944.0,0.0,0.0,0.0,0.0,7.0,7.0,0.0,0.0,2.0,13.0,9.0,0.029996999999999996
020200,14318.0,24.56,2.0,0.0,0.0,20.0,11.0,0.0,0.0,0.0,0.0,11.0,0.043329
020301,10606.0,11.799999999999999,1.0,0.0,0.0,15.0,11.0,0.0,0.0,0.0,0.0,11.0,0.039996000000000004
020302,21392.0,12.9,1.0,1.0,7.0,17.0,12.0,0.0,0.0,1.0,2.0,7.0,0.049995
020400,8230.0,0.2,1.0,0.0,0.0,12.0,11.0,0.0,0.0,0.0,0.0,11.0,0.039996000000000004
020500,19680.0,89.63,5.0,0.0,0.0,11.0,6.0,0.0,0.0,2.0,6.0,5.0,0.03333
020601,5937.0,0.0,0.0,0.0,0.0,12.0,8.0,0.0,0.0,0.0,0.0,16.0,0.053328
020602,5823.0,0.0,0.0,0.0,0.0,6.0,4.0,0.0,0.0,0.0,0.0,8.0,0.026664
020701,5184.0,14.87,3.0,0.0,0.0,22.0,48.0,0.0,0.0,3.0,53.0,37.0,0.13332
020702,17318.0,7.53,1.0,0.0,0.0,26.0,11.0,0.0,0.0,0.0,0.0,12.0,0.043329
020801,18075.0,0.0,0.0,1.0,5.0,14.0,9.0,0.0,0.0,3.0,13.0,8.0,0.043329
020802,25542.0,4.1,1.0,0.0,0.0,17.0,8.0,0.0,0.0,2.0,4.0,6.0,0.023330999999999998
020901,18711.0,0.28,1.0,0.0,0.0,10.0,6.0,0.0,0.0,1.0,2.0,5.0,0.019998
020902,9034.0,0.0,0.0,0.0,0.0,5.0,4.0,0.0,0.0,1.0,4.0,5.0,0.016665
030101,11097.0,2.9,1.0,0.0,0.0,3.0,3.0,2.0,16.0,0.0,0.0,4.0,0.016665
030102,9441.0,0.61,1.0,0.0,0.0,4.0,5.0,2.0,20.0,0.0,0.0,5.0,0.019998
030103,7377.0,3.5,1.0,0.0,0.0,3.0,5.0,0.0,0.0,1.0,10.0,5.0,0.019998
030104,3245.0,0.0,0.0,0.0,0.0,4.0,5.0,0.0,0.0,0.0,0.0,10.0,0.03333
030200,23980.0,0.08,1.0,1.0,5.0,14.0,9.0,0.0,0.0,1.0,2.0,5.0,0.036663
030300,3828.0,0.0,0.0,0.0,0.0,6.0,6.0,0.0,0.0,0.0,0.0,12.0,0.039996
030400,8292.0,0.28,1.0,0.0,0.0,10.0,14.0,0.0,0.0,1.0,8.0,10.0,0.036663
030500,20109.0,6.05,1.0,0.0,0.0,17.0,10.0,0.0,0.0,1.0,1.0,7.0,0.026664
030601,11367.0,2.7399999999999998,1.0,0.0,0.0,5.0,5.0,0.0,0.0,1.0,5.0,4.0,0.016665
030603,2361.0,0.0,0.0,0.0,0.0,3.0,5.0,0.0,0.0,0.0,0.0,10.0,0.03333
030604,6468.0,0.0,0.0,0.0,0.0,3.0,3.0,0.0,0.0,1.0,6.0,5.0,0.016665
030701,3018.0,0.0,0.0,0.0,0.0,1.0,2.0,2.0,49.0,0.0,0.0,8.0,0.026664
030702,2323.0,0.0,0.0,0.0,0.0,1.0,2.0,0.0,0.0,0.0,0.0,4.0,0.013332
030703,11980.0,0.38,1.0,0.0,0.0,9.0,11.0,2.0,21.0,1.0,7.0,8.0,0.029997
030706,2720.0,0.0,0.0,0.0,0.0,10.0,14.0,0.0,0.0,0.0,0.0,28.0,0.093324
030800,8328.0,0.69,1.0,0.0,0.0,9.0,8.0,0.0,0.0,0.0,0.0,9.0,0.03333
030900,9447.0,0.24,1.0,0.0,0.0,18.0,22.0,0.0,0.0,1.0,7.0,16.0,0.056661
031000,3830.0,0.0,0.0,0.0,0.0,9.0,9.0,0.0,0.0,0.0,0.0,18.0,0.05999399999999999
031100,18740.0,0.16,1.0,1.0,9.0,12.0,10.0,0.0,0.0,1.0,3.0,6.0,0.053328
031200,23512.0,0.25,1.0,0.0,0.0,11.0,7.0,4.0,22.0,1.0,2.0,6.0,0.023330999999999998
031300,21711.0,1.85,1.0,0.0,0.0,21.0,11.0,0.0,0.0,3.0,10.0,9.0,0.03333
031400,14802.0,12.78,1.0,0.0,0.0,33.0,25.0,0.0,0.0,5.0,29.0,20.0,0.069993
031501,4684.0,0.0,0.0,0.0,0.0,4.0,3.0,0.0,0.0,0.0,0.0,7.0,0.023331
031502,4878.0,0.0,0.0,0.0,0.0,10.0,8.0,0.0,0.0,0.0,0.0,16.0,0.053328
031700,12710.0,0.72,1.0,0.0,0.0,12.0,7.0,0.0,0.0,0.0,0.0,8.0,0.029997
031800,6042.0,4.93,1.0,0.0,0.0,6.0,11.0,0.0,0.0,1.0,13.0,9.0,0.03333
031900,2599.0,0.0,0.0,0.0,0.0,7.0,10.0,0.0,0.0,0.0,0.0,21.0,0.069993
032100,31776.0,0.45,1.0,1.0,1.0,22.0,10.0,0.0,0.0,2.0,5.0,6.0,0.026664
040100,11946.0,43.15,4.0,0.0,0.0,18.0,17.0,0.0,0.0,2.0,13.0,13.0,0.056661
040201,20940.0,1.55,1.0,0.0,0.0,25.0,14.0,0.0,0.0,4.0,15.0,11.0,0.039996000000000004
040202,15452.0,0.0,0.0,0.0,0.0,18.0,9.0,0.0,0.0,1.0,1.0,10.0,0.03333
040300,8964.0,29.6,4.0,0.0,0.0,9.0,11.0,0.0,0.0,3.0,29.0,11.0,0.049995
040401,6880.0,0.0,0.0,0.0,0.0,7.0,8.0,0.0,0.0,1.0,6.0,9.0,0.029996999999999996
040402,13863.0,23.03,2.0,0.0,0.0,15.0,12.0,0.0,0.0,1.0,3.0,9.0,0.036662999999999994
040600,8451.0,0.0,0.0,0.0,0.0,11.0,15.0,2.0,23.0,1.0,8.0,13.0,0.043329
040700,14668.0,0.89,1.0,0.0,0.0,8.0,8.0,2.0,16.0,1.0,5.0,6.0,0.023330999999999998
040800,5067.0,0.32,1.0,0.0,0.0,4.0,9.0,0.0,0.0,1.0,16.0,8.0,0.029997
040900,7264.0,15.97,3.0,1.0,39.0,10.0,21.0,0.0,0.0,2.0,32.0,13.0,0.183315
050100,8307.0,0.0,0.0,0.0,0.0,9.0,12.0,2.0,24.0,2.0,20.0,12.0,0.039996
050200,11830.0,0.0,0.0,0.0,0.0,15.0,10.0,0.0,0.0,3.0,13.0,12.0,0.039996
050300,2755.0,0.0,0.0,0.0,0.0,6.0,8.0,0.0,0.0,0.0,0.0,17.0,0.056661
050500,11174.0,0.0,0.0,0.0,0.0,15.0,10.0,0.0,0.0,1.0,2.0,11.0,0.036663
050600,8752.0,0.12,1.0,0.0,0.0,7.0,12.0,2.0,32.0,2.0,26.0,10.0,0.036663
050700,1501.0,0.0,0.0,0.0,0.0,4.0,10.0,0.0,0.0,0.0,0.0,21.0,0.069993
050800,2878.0,0.0,0.0,0.0,0.0,4.0,11.0,0.0,0.0,2.0,42.0,16.0,0.053328
050900,1532.0,0.0,0.0,0.0,0.0,3.0,7.0,0.0,0.0,0.0,0.0,15.0,0.049995
051000,3492.0,0.0,0.0,0.0,0.0,3.0,6.0,0.0,0.0,1.0,15.0,9.0,0.029996999999999996
051100,5817.0,0.79,1.0,0.0,0.0,5.0,10.0,0.0,0.0,1.0,13.0,8.0,0.029997
051200,1564.0,0.0,0.0,0.0,0.0,4.0,10.0,0.0,0.0,0.0,0.0,20.0,0.06666
051300,3249.0,0.0,0.0,0.0,0.0,9.0,10.0,0.0,0.0,0.0,0.0,21.0,0.069993
051400,7284.0,9.08,2.0,0.0,0.0,7.0,11.0,0.0,0.0,1.0,10.0,9.0,0.036662999999999994
060100,9633.0,0.16,1.0,0.0,0.0,7.0,8.0,0.0,0.0,3.0,27.0,8.0,0.029997
060200,6564.0,0.22,1.0,0.0,0.0,3.0,5.0,0.0,0.0,2.0,26.0,6.0,0.023330999999999998
060300,5804.0,0.21,1.0,0.0,0.0,6.0,8.0,0.0,0.0,0.0,0.0,8.0,0.029997
060400,11412.0,0.37,1.0,0.0,0.0,7.0,7.0,0.0,0.0,2.0,13.0,6.0,0.023330999999999998
060500,2482.0,1.39,1.0,0.0,0.0,6.0,18.0,0.0,0.0,0.0,0.0,19.0,0.06666
060800,10406.0,0.0,0.0,0.0,0.0,11.0,8.0,0.0,0.0,1.0,3.0,9.0,0.029996999999999996
060900,14446.0,0.0,0.0,0.0,0.0,21.0,11.0,0.0,0.0,2.0,5.0,12.0,0.039996
061000,4566.0,0.0,0.0,0.0,0.0,2.0,3.0,2.0,30.0,0.0,0.0,7.0,0.023331
061100,2798.0,0.0,0.0,0.0,0.0,5.0,14.0,0.0,0.0,2.0,43.0,19.0,0.063327
061200,4190.0,0.0,0.0,0.0,0.0,3.0,5.0,0.0,0.0,1.0,12.0,8.0,0.026664
061500,6150.0,0.47,1.0,0.0,0.0,1.0,2.0,2.0,34.0,0.0,0.0,4.0,0.016665
061800,2610.0,0.0,0.0,0.0,0.0,6.0,17.0,0.0,0.0,1.0,21.0,21.0,0.069993
061901,3348.0,0.0,0.0,0.0,0.0,5.0,6.0,0.0,0.0,0.0,0.0,12.0,0.039996
061902,9976.0,0.0,0.0,0.0,0.0,10.0,8.0,0.0,0.0,1.0,3.0,9.0,0.029996999999999996
062000,12724.0,0.17,1.0,1.0,18.0,7.0,8.0,0.0,0.0,2.0,17.0,6.0,0.083325
062100,7042.0,0.0,0.0,0.0,0.0,9.0,10.0,0.0,0.0,1.0,6.0,11.0,0.036663
062200,6290.0,0.0,0.0,0.0,0.0,1.0,1.0,0.0,0.0,1.0,7.0,3.0,0.009999
062300,3278.0,0.53,1.0,0.0,0.0,3.0,7.0,0.0,0.0,0.0,0.0,7.0,0.026664
062400,1622.0,0.0,0.0,0.0,0.0,2.0,5.0,0.0,0.0,0.0,0.0,10.0,0.03333
062500,4671.0,0.0,0.0,1.0,48.0,3.0,7.0,0.0,0.0,1.0,17.0,7.0,0.18331499999999998
062600,7422.0,2.3,1.0,0.0,0.0,4.0,6.0,0.0,0.0,1.0,9.0,6.0,0.023330999999999998
062700,6132.0,0.0,0.0,0.0,0.0,8.0,10.0,0.0,0.0,1.0,7.0,12.0,0.039996
062800,10839.0,0.8,1.0,0.0,0.0,4.0,4.0,0.0,0.0,2.0,14.0,5.0,0.019998
062900,11868.0,0.16,1.0,0.0,0.0,2.0,2.0,0.0,0.0,1.0,5.0,2.0,0.009999000000000001
063000,13260.0,0.55,1.0,0.0,0.0,11.0,13.0,8.0,95.0,2.0,16.0,12.0,0.043329
063100,7029.0,0.15,1.0,0.0,0.0,10.0,16.0,0.0,0.0,1.0,10.0,12.0,0.043329
063200,12774.0,0.0,0.0,0.0,0.0,14.0,8.0,0.0,0.0,2.0,7.0,10.0,0.03333
063301,6016.0,0.0,0.0,0.0,0.0,3.0,4.0,0.0,0.0,1.0,7.0,5.0,0.016665
063302,4010.0,0.0,0.0,0.0,0.0,8.0,8.0,0.0,0.0,0.0,0.0,15.0,0.049995
063303,1180.0,0.0,0.0,0.0,0.0,2.0,6.0,0.0,0.0,0.0,0.0,13.0,0.043329
063400,5474.0,0.0,0.0,0.0,0.0,8.0,11.0,0.0,0.0,1.0,8.0,13.0,0.043329
070101,12162.0,1209.98,100.0,0.0,0.0,10.0,9.0,0.0,0.0,5.0,37.0,10.0,0.36663
070102,6718.0,0.0,0.0,0.0,0.0,4.0,4.0,0.0,0.0,1.0,6.0,6.0,0.019998
070103,1408.0,0.0,0.0,0.0,0.0,2.0,5.0,0.0,0.0,0.0,0.0,11.0,0.036663
070200,12276.0,0.21,1.0,0.0,0.0,9.0,8.0,0.0,0.0,2.0,12.0,7.0,0.026664
070300,10674.0,0.58,1.0,0.0,0.0,8.0,8.0,0.0,0.0,3.0,24.0,8.0,0.029997
070400,13680.0,3.27,1.0,1.0,16.0,4.0,4.0,0.0,0.0,4.0,35.0,5.0,0.073326
070500,9792.0,0.42,1.0,0.0,0.0,3.0,3.0,0.0,0.0,1.0,6.0,4.0,0.016665
070600,9705.0,4.64,1.0,0.0,0.0,5.0,6.0,0.0,0.0,2.0,16.0,6.0,0.023330999999999998
070700,11502.0,0.25,1.0,0.0,0.0,12.0,12.0,0.0,0.0,2.0,13.0,10.0,0.036663
071000,14754.0,1.85,1.0,0.0,0.0,2.0,2.0,0.0,0.0,2.0,10.0,3.0,0.013332
071100,10275.0,0.0,0.0,0.0,0.0,9.0,10.0,6.0,67.0,2.0,15.0,13.0,0.043329
071200,6651.0,14.4,3.0,0.0,0.0,13.0,22.0,0.0,0.0,2.0,26.0,17.0,0.06666
071300,7992.0,0.14,1.0,0.0,0.0,7.0,7.0,0.0,0.0,0.0,0.0,7.0,0.026664
071400,9598.0,0.0,0.0,0.0,0.0,16.0,13.0,0.0,0.0,2.0,10.0,15.0,0.049995
071500,18330.0,0.06,1.0,0.0,0.0,25.0,15.0,0.0,0.0,5.0,23.0,13.0,0.046662
071600,5907.0,0.84,1.0,0.0,0.0,4.0,8.0,0.0,0.0,1.0,13.0,7.0,0.026664
071700,3256.0,0.0,0.0,0.0,0.0,2.0,5.0,0.0,0.0,1.0,16.0,7.0,0.023331
071800,5504.0,0.0,0.0,0.0,0.0,7.0,10.0,0.0,0.0,1.0,8.0,11.0,0.036663
080100,20658.0,0.61,1.0,0.0,0.0,12.0,7.0,0.0,0.0,1.0,1.0,5.0,0.019998
080201,6398.0,0.0,0.0,0.0,0.0,7.0,8.0,0.0,0.0,1.0,6.0,10.0,0.03333
080202,7516.0,0.0,0.0,0.0,0.0,9.0,9.0,2.0,16.0,0.0,0.0,11.0,0.036663
080300,15054.0,0.0,0.0,1.0,8.0,13.0,10.0,0.0,0.0,1.0,3.0,7.0,0.049995
080400,14097.0,0.0,0.0,0.0,0.0,7.0,6.0,2.0,11.0,2.0,10.0,6.0,0.019998
081000,25455.0,2.84,1.0,0.0,0.0,24.0,11.0,0.0,0.0,5.0,16.0,9.0,0.03333
081100,8906.0,0.0,0.0,0.0,0.0,6.0,5.0,0.0,0.0,1.0,4.0,6.0,0.019998
081201,9368.0,0.33,1.0,0.0,0.0,8.0,6.0,0.0,0.0,0.0,0.0,7.0,0.026664
081202,9825.0,0.18,1.0,0.0,0.0,9.0,10.0,0.0,0.0,2.0,16.0,9.0,0.03333
081300,23440.0,8.21,1.0,1.0,5.0,11.0,7.0,0.0,0.0,3.0,13.0,5.0,0.036663
081401,4494.0,0.0,0.0,0.0,0.0,13.0,22.0,0.0,0.0,3.0,40.0,27.0,0.089991
081402,16839.0,5.78,1.0,0.0,0.0,10.0,7.0,0.0,0.0,3.0,14.0,6.0,0.023330999999999998
081403,26952.0,1.38,1.0,0.0,0.0,16.0,7.0,0.0,0.0,4.0,11.0,6.0,0.023330999999999998
081500,14298.0,0.0,0.0,0.0,0.0,19.0,15.0,4.0,28.0,4.0,24.0,15.0,0.049995
081600,7318.0,0.0,0.0,0.0,0.0,14.0,14.0,0.0,0.0,2.0,14.0,17.0,0.056661
081700,14031.0,0.0,0.0,0.0,0.0,20.0,16.0,2.0,11.0,2.0,10.0,13.0,0.043329
081800,45180.0,6.07,1.0,0.0,0.0,21.0,7.0,2.0,1.0,11.0,28.0,6.0,0.023330999999999998
081900,2394.0,0.0,0.0,0.0,0.0,3.0,9.0,0.0,0.0,2.0,51.0,16.0,0.053328
090200,13080.0,10.25,1.0,0.0,0.0,16.0,9.0,0.0,0.0,0.0,0.0,10.0,0.036663
090300,2924.0,11.36,3.0,0.0,0.0,1.0,3.0,0.0,0.0,0.0,0.0,3.0,0.019998
100100,11662.0,6.57,1.0,0.0,0.0,11.0,7.0,0.0,0.0,0.0,0.0,8.0,0.029997
100200,21927.0,3.52,1.0,1.0,2.0,28.0,14.0,0.0,0.0,0.0,0.0,10.0,0.043329
100300,12786.0,20.8,2.0,0.0,0.0,14.0,8.0,0.0,0.0,0.0,0.0,9.0,0.036662999999999994
100400,3476.0,0.0,0.0,0.0,0.0,6.0,7.0,0.0,0.0,0.0,0.0,13.0,0.043329
100500,22516.0,0.22,1.0,1.0,6.0,12.0,8.0,2.0,8.0,0.0,0.0,5.0,0.039996
100600,5093.0,0.0,0.0,0.0,0.0,25.0,19.0,0.0,0.0,0.0,0.0,37.0,0.12332099999999999
100700,5504.0,0.0,0.0,0.0,0.0,8.0,5.0,0.0,0.0,0.0,0.0,11.0,0.036663
110100,5777.0,0.0,0.0,0.0,0.0,9.0,6.0,0.0,0.0,0.0,0.0,12.0,0.039996
110200,5714.0,1.73,1.0,0.0,0.0,15.0,20.0,0.0,0.0,0.0,0.0,20.0,0.069993
110300,11074.0,4.97,1.0,0.0,0.0,24.0,16.0,0.0,0.0,0.0,0.0,17.0,0.059994000000000006
110400,4551.0,0.0,0.0,0.0,0.0,13.0,11.0,0.0,0.0,0.0,0.0,22.0,0.073326
110501,5087.0,0.0,0.0,0.0,0.0,13.0,10.0,0.0,0.0,0.0,0.0,20.0,0.06666
110502,10089.0,13.39,2.0,0.0,0.0,25.0,28.0,2.0,18.0,0.0,0.0,21.0,0.076659
120100,8940.0,10.4,1.0,0.0,0.0,43.0,36.0,0.0,0.0,0.0,0.0,37.0,0.126654
120200,14586.0,9.62,1.0,1.0,8.0,18.0,14.0,0.0,0.0,0.0,0.0,10.0,0.063327
120300,14428.0,4.65,1.0,0.0,0.0,20.0,10.0,0.0,0.0,0.0,0.0,11.0,0.039996000000000004
120400,7530.0,0.58,1.0,0.0,0.0,13.0,13.0,0.0,0.0,0.0,0.0,13.0,0.046662
130100,14664.0,80.35,6.0,0.0,0.0,27.0,21.0,0.0,0.0,1.0,3.0,15.0,0.069993
130200,4491.0,0.15,1.0,0.0,0.0,21.0,53.0,0.0,0.0,1.0,18.0,37.0,0.126654
130300,10962.0,55.64,4.0,0.0,0.0,12.0,8.0,0.0,0.0,0.0,0.0,9.0,0.04332899999999999
140100,6668.0,11.97,2.0,0.0,0.0,7.0,8.0,0.0,0.0,0.0,0.0,8.0,0.03333
140200,6669.0,0.0,0.0,0.0,0.0,5.0,3.0,0.0,0.0,0.0,0.0,6.0,0.019998
140301,2983.0,0.0,0.0,0.0,0.0,6.0,8.0,0.0,0.0,0.0,0.0,16.0,0.053328
140302,7370.0,17.82,2.0,0.0,0.0,5.0,5.0,0.0,0.0,0.0,0.0,6.0,0.026664
140400,17295.0,0.33,1.0,1.0,5.0,21.0,14.0,0.0,0.0,0.0,0.0,10.0,0.053328
140500,10398.0,0.43000000000000005,1.0,0.0,0.0,9.0,10.0,0.0,0.0,2.0,15.0,8.0,0.029997
140601,2821.0,0.0,0.0,0.0,0.0,8.0,11.0,0.0,0.0,0.0,0.0,22.0,0.073326
140602,14916.0,2.8,1.0,0.0,0.0,5.0,4.0,0.0,0.0,1.0,3.0,4.0,0.016665
140701,9138.0,0.0,0.0,0.0,0.0,10.0,12.0,4.0,49.0,1.0,7.0,13.0,0.043329
140702,11612.0,0.0,0.0,0.0,0.0,8.0,5.0,0.0,0.0,1.0,2.0,6.0,0.019998
140800,24400.0,1.06,1.0,0.0,0.0,7.0,4.0,2.0,7.0,2.0,7.0,4.0,0.016665
150200,22668.0,1.22,1.0,0.0,0.0,37.0,19.0,0.0,0.0,1.0,1.0,13.0,0.046662
150300,22119.0,46.95,3.0,1.0,2.0,32.0,16.0,0.0,0.0,0.0,0.0,11.0,0.053328
150401,4925.0,0.0,0.0,0.0,0.0,22.0,17.0,0.0,0.0,0.0,0.0,34.0,0.113322
150402,3795.0,0.0,0.0,0.0,0.0,18.0,18.0,0.0,0.0,0.0,0.0,36.0,0.11998799999999998
150501,7606.0,14.88,2.0,0.0,0.0,11.0,11.0,0.0,0.0,0.0,0.0,11.0,0.043329
150502,8444.0,0.0,0.0,1.0,11.0,18.0,16.0,0.0,0.0,0.0,0.0,17.0,0.093324
150600,4378.0,0.0,0.0,0.0,0.0,14.0,12.0,0.0,0.0,0.0,0.0,25.0,0.083325
150700,8750.0,0.0,0.0,0.0,0.0,10.0,9.0,0.0,0.0,1.0,4.0,10.0,0.03333
150800,5152.0,0.0,0.0,0.0,0.0,14.0,10.0,0.0,0.0,0.0,0.0,21.0,0.069993
151001,8610.0,0.0,0.0,1.0,21.0,4.0,5.0,0.0,0.0,1.0,8.0,5.0,0.086658
151002,10726.0,0.0,0.0,0.0,0.0,14.0,10.0,0.0,0.0,2.0,8.0,12.0,0.039996
151100,11366.0,9.28,1.0,0.0,0.0,13.0,9.0,0.0,0.0,0.0,0.0,9.0,0.03333
151200,7772.0,0.0,0.0,0.0,0.0,18.0,18.0,0.0,0.0,1.0,5.0,19.0,0.063327
160100,11388.0,3.0,1.0,0.0,0.0,6.0,8.0,2.0,23.0,1.0,8.0,6.0,0.023330999999999998
160200,9975.0,1.03,1.0,0.0,0.0,11.0,13.0,0.0,0.0,3.0,26.0,11.0,0.039996000000000004
160300,3475.0,0.0,0.0,0.0,0.0,12.0,13.0,0.0,0.0,0.0,0.0,26.0,0.086658
160400,14370.0,0.0,0.0,1.0,9.0,13.0,10.0,0.0,0.0,1.0,3.0,8.0,0.056660999999999996
160501,3718.0,0.0,0.0,0.0,0.0,9.0,9.0,0.0,0.0,0.0,0.0,19.0,0.063327
160502,3919.0,0.0,0.0,0.0,0.0,6.0,6.0,0.0,0.0,0.0,0.0,12.0,0.039996
160601,6392.0,0.0,0.0,0.0,0.0,4.0,5.0,0.0,0.0,3.0,27.0,9.0,0.029996999999999996
160602,11229.0,58.07,6.0,0.0,0.0,7.0,7.0,0.0,0.0,1.0,5.0,6.0,0.039996
160700,18825.0,14.81,1.0,0.0,0.0,12.0,7.0,0.0,0.0,2.0,7.0,6.0,0.023330999999999998
160800,16812.0,4.35,1.0,0.0,0.0,13.0,9.0,0.0,0.0,3.0,14.0,8.0,0.029997
160900,7536.0,8.82,2.0,0.0,0.0,14.0,21.0,2.0,27.0,0.0,0.0,16.0,0.059994
161000,6294.0,0.0,0.0,0.0,0.0,10.0,18.0,2.0,33.0,1.0,12.0,16.0,0.053328
161100,4342.0,0.0,0.0,0.0,0.0,17.0,30.0,0.0,0.0,1.0,11.0,32.0,0.106656
161200,8835.0,12.08,2.0,0.0,0.0,5.0,6.0,0.0,0.0,2.0,18.0,6.0,0.026664
161300,7324.0,0.0,0.0,0.0,0.0,16.0,17.0,0.0,0.0,1.0,5.0,18.0,0.05999399999999999
170100,6375.0,7.02,2.0,0.0,0.0,25.0,45.0,0.0,0.0,1.0,12.0,31.0,0.109989
170200,11907.0,9.45,1.0,0.0,0.0,17.0,16.0,0.0,0.0,2.0,13.0,12.0,0.043329
170300,10450.0,0.0,0.0,0.0,0.0,22.0,16.0,0.0,0.0,1.0,3.0,17.0,0.056661
170400,4334.0,0.0,0.0,0.0,0.0,12.0,10.0,0.0,0.0,0.0,0.0,21.0,0.069993
170500,10618.0,0.0,0.0,0.0,0.0,17.0,12.0,0.0,0.0,2.0,9.0,14.0,0.046662
170600,4780.0,14.04,2.0,0.0,0.0,7.0,11.0,0.0,0.0,0.0,0.0,11.0,0.043329
170700,6714.0,0.0,0.0,0.0,0.0,8.0,9.0,0.0,0.0,1.0,6.0,11.0,0.036663
170800,12258.0,0.0,0.0,1.0,12.0,12.0,11.0,0.0,0.0,2.0,12.0,9.0,0.069993
170900,2161.0,0.0,0.0,0.0,0.0,6.0,10.0,0.0,0.0,0.0,0.0,21.0,0.069993
171000,20421.0,18.7,1.0,0.0,0.0,23.0,13.0,0.0,0.0,2.0,6.0,10.0,0.036663
171100,4514.0,0.0,0.0,0.0,0.0,14.0,12.0,0.0,0.0,0.0,0.0,24.0,0.079992
180100,19389.0,4.36,1.0,0.0,0.0,17.0,10.0,0.0,0.0,2.0,6.0,8.0,0.029997
190100,4706.0,0.33,1.0,0.0,0.0,9.0,14.0,0.0,0.0,0.0,0.0,15.0,0.053328
190200,12566.0,0.31,1.0,0.0,0.0,14.0,8.0,0.0,0.0,0.0,0.0,9.0,0.03333
190300,11450.0,0.0,0.0,0.0,0.0,11.0,7.0,0.0,0.0,1.0,2.0,8.0,0.026664
190401,8454.0,0.0,0.0,0.0,0.0,18.0,16.0,0.0,0.0,1.0,4.0,17.0,0.056661
190402,10612.0,0.0,0.0,0.0,0.0,16.0,11.0,0.0,0.0,2.0,9.0,13.0,0.043329
190601,13848.0,57.49,5.0,0.0,0.0,18.0,15.0,0.0,0.0,2.0,10.0,11.0,0.053328
190602,11102.0,0.0,0.0,0.0,0.0,15.0,10.0,0.0,0.0,1.0,2.0,11.0,0.036663
190701,6132.0,0.0,0.0,0.0,0.0,6.0,7.0,0.0,0.0,1.0,7.0,9.0,0.029996999999999996
190702,15381.0,3.3,1.0,0.0,0.0,5.0,4.0,0.0,0.0,1.0,3.0,3.0,0.013332
190800,6533.0,0.0,0.0,0.0,0.0,12.0,7.0,0.0,0.0,0.0,0.0,14.0,0.046662
190900,4156.0,0.0,0.0,0.0,0.0,6.0,11.0,0.0,0.0,1.0,12.0,13.0,0.043329
191000,2731.0,0.0,0.0,0.0,0.0,11.0,15.0,0.0,0.0,0.0,0.0,31.0,0.103323
191100,20244.0,6.88,1.0,0.0,0.0,23.0,13.0,0.0,0.0,2.0,6.0,10.0,0.036663
191200,8254.0,0.0,0.0,0.0,0.0,21.0,19.0,0.0,0.0,1.0,4.0,21.0,0.069993
191301,10810.0,0.4,1.0,0.0,0.0,20.0,14.0,0.0,0.0,0.0,0.0,14.0,0.049995000000000005
191302,9698.0,0.0,0.0,0.0,0.0,18.0,14.0,0.0,0.0,2.0,10.0,16.0,0.053328
200100,11019.0,2.94,1.0,0.0,0.0,6.0,6.0,0.0,0.0,1.0,5.0,5.0,0.019998
200200,12744.0,9.92,1.0,0.0,0.0,12.0,11.0,0.0,0.0,2.0,12.0,9.0,0.03333
200300,1977.0,0.0,0.0,0.0,0.0,10.0,19.0,0.0,0.0,0.0,0.0,38.0,0.126654
200401,9807.0,4.9,1.0,0.0,0.0,3.0,3.0,0.0,0.0,2.0,16.0,4.0,0.016665
200402,10358.0,0.0,0.0,0.0,0.0,9.0,7.0,0.0,0.0,1.0,3.0,8.0,0.026664
210100,12486.0,7.17,1.0,0.0,0.0,16.0,15.0,0.0,0.0,4.0,28.0,13.0,0.046662
210400,2325.0,0.0,0.0,0.0,0.0,9.0,15.0,0.0,0.0,0.0,0.0,30.0,0.09999
210501,2719.0,0.0,0.0,0.0,0.0,14.0,19.0,0.0,0.0,0.0,0.0,39.0,0.129987
210502,4652.0,0.0,0.0,0.0,0.0,7.0,6.0,0.0,0.0,0.0,0.0,12.0,0.039996
210601,6052.0,0.0,0.0,0.0,0.0,8.0,10.0,2.0,21.0,0.0,0.0,13.0,0.043329
210602,8256.0,0.0,0.0,0.0,0.0,14.0,13.0,0.0,0.0,1.0,4.0,14.0,0.046662
210700,11385.0,0.15,1.0,0.0,0.0,6.0,6.0,0.0,0.0,1.0,5.0,5.0,0.019998
210800,2300.0,0.0,0.0,0.0,0.0,5.0,16.0,0.0,0.0,1.0,25.0,20.0,0.06666
210900,9471.0,0.16,1.0,0.0,0.0,10.0,12.0,0.0,0.0,2.0,17.0,10.0,0.036663
220300,4054.0,1.78,1.0,0.0,0.0,7.0,13.0,0.0,0.0,0.0,0.0,13.0,0.046662
220400,8457.0,0.16,1.0,0.0,0.0,10.0,13.0,0.0,0.0,2.0,19.0,11.0,0.039996000000000004
220500,5024.0,0.0,0.0,1.0,26.0,8.0,12.0,0.0,0.0,0.0,0.0,12.0,0.126654
220601,3070.0,0.0,0.0,0.0,0.0,7.0,17.0,0.0,0.0,1.0,18.0,20.0,0.06666
220602,18136.0,1.44,1.0,0.0,0.0,19.0,16.0,2.0,12.0,1.0,3.0,10.0,0.036663
220701,3080.0,0.0,0.0,0.0,0.0,3.0,4.0,0.0,0.0,0.0,0.0,8.0,0.026664
220702,12387.0,9.01,1.0,0.0,0.0,15.0,14.0,0.0,0.0,1.0,4.0,10.0,0.036663
220901,5886.0,4.91,1.0,0.0,0.0,3.0,4.0,0.0,0.0,0.0,0.0,4.0,0.016665
220902,3139.0,0.0,0.0,0.0,0.0,6.0,7.0,0.0,0.0,0.0,0.0,15.0,0.049995
221000,2570.0,0.0,0.0,0.0,0.0,3.0,4.0,0.0,0.0,0.0,0.0,9.0,0.029996999999999996
221100,13494.0,8.26,1.0,0.0,0.0,13.0,11.0,0.0,0.0,1.0,4.0,8.0,0.029997
221200,3074.0,0.0,0.0,0.0,0.0,5.0,6.0,0.0,0.0,0.0,0.0,13.0,0.043329
221300,6042.0,0.0,0.0,0.0,0.0,9.0,11.0,0.0,0.0,3.0,29.0,15.0,0.049995
221400,9738.0,0.0,0.0,0.0,0.0,14.0,16.0,2.0,19.0,2.0,16.0,14.0,0.046662
221500,5526.0,0.0,0.0,0.0,0.0,9.0,12.0,0.0,0.0,2.0,20.0,15.0,0.049995
221600,6936.0,1.1,1.0,0.0,0.0,4.0,4.0,0.0,0.0,0.0,0.0,5.0,0.019998
222200,9280.0,0.98,1.0,0.0,0.0,11.0,18.0,2.0,29.0,1.0,10.0,12.0,0.043329
222500,3148.0,0.0,0.0,0.0,0.0,5.0,12.0,0.0,0.0,1.0,17.0,15.0,0.049995
222600,4950.0,0.51,1.0,0.0,0.0,2.0,5.0,0.0,0.0,1.0,16.0,5.0,0.019998
222700,4714.0,0.0,0.0,0.0,0.0,7.0,11.0,0.0,0.0,1.0,10.0,13.0,0.043329
222800,1000.0,0.0,0.0,0.0,0.0,1.0,4.0,0.0,0.0,0.0,0.0,8.0,0.026664
222900,3156.0,0.41,1.0,0.0,0.0,3.0,11.0,0.0,0.0,1.0,27.0,10.0,0.036663
230100,3486.0,0.0,0.0,1.0,42.0,2.0,4.0,0.0,0.0,0.0,0.0,5.0,0.15665099999999998
230200,1979.0,0.0,0.0,0.0,0.0,8.0,15.0,0.0,0.0,0.0,0.0,31.0,0.103323
230300,1650.0,1.18,1.0,0.0,0.0,1.0,5.0,0.0,0.0,0.0,0.0,5.0,0.019998
230400,6843.0,1.27,1.0,0.0,0.0,6.0,10.0,0.0,0.0,1.0,11.0,8.0,0.029997
230500,10137.0,4.85,1.0,1.0,16.0,14.0,16.0,0.0,0.0,0.0,0.0,11.0,0.093324
230600,17486.0,1.98,1.0,0.0,0.0,21.0,9.0,0.0,0.0,0.0,0.0,10.0,0.036663
230700,17541.0,0.7,1.0,0.0,0.0,22.0,14.0,0.0,0.0,1.0,2.0,10.0,0.036663
230800,2168.0,0.0,0.0,0.0,0.0,3.0,10.0,0.0,0.0,1.0,26.0,14.0,0.046662
230900,5031.0,0.0,0.0,0.0,0.0,11.0,8.0,0.0,0.0,0.0,0.0,17.0,0.056661
231100,2662.0,0.39,1.0,0.0,0.0,5.0,14.0,0.0,0.0,0.0,0.0,15.0,0.053328
231200,18876.0,0.97,1.0,0.0,0.0,12.0,7.0,0.0,0.0,1.0,1.0,6.0,0.023330999999999998
231500,17595.0,0.8,1.0,0.0,0.0,14.0,9.0,0.0,0.0,2.0,7.0,7.0,0.026664
240200,3622.0,2.18,1.0,0.0,0.0,4.0,8.0,0.0,0.0,0.0,0.0,9.0,0.03333
240300,2588.0,0.0,0.0,0.0,0.0,2.0,6.0,0.0,0.0,1.0,22.0,9.0,0.029996999999999996
240500,7554.0,0.54,1.0,0.0,0.0,10.0,15.0,0.0,0.0,1.0,9.0,11.0,0.039996000000000004
240600,4923.0,1.32,1.0,0.0,0.0,3.0,7.0,0.0,0.0,1.0,16.0,7.0,0.026664
240700,1704.0,0.0,0.0,0.0,0.0,4.0,9.0,0.0,0.0,0.0,0.0,18.0,0.05999399999999999
240800,1430.0,0.0,0.0,0.0,0.0,3.0,8.0,0.0,0.0,0.0,0.0,16.0,0.053328
240900,3282.0,210.85,65.0,0.0,0.0,21.0,73.0,0.0,0.0,3.0,86.0,55.0,0.39996
241000,1837.0,0.0,0.0,0.0,0.0,3.0,6.0,0.0,0.0,0.0,0.0,13.0,0.043329
241100,7384.0,0.17,1.0,0.0,0.0,10.0,10.0,0.0,0.0,0.0,0.0,11.0,0.039996000000000004
241200,3326.0,0.0,0.0,0.0,0.0,6.0,14.0,0.0,0.0,1.0,16.0,16.0,0.053328
241300,3962.0,0.0,0.0,0.0,0.0,1.0,2.0,0.0,0.0,2.0,29.0,6.0,0.019998
241400,24020.0,4.74,1.0,0.0,0.0,15.0,9.0,2.0,7.0,3.0,13.0,7.0,0.026664
241500,8316.0,0.66,1.0,0.0,0.0,8.0,11.0,0.0,0.0,2.0,20.0,10.0,0.036663
241600,10458.0,4.18,1.0,0.0,0.0,7.0,8.0,0.0,0.0,1.0,6.0,6.0,0.023330999999999998
242000,13416.0,0.0,0.0,0.0,0.0,10.0,8.0,2.0,12.0,1.0,4.0,8.0,0.026664
242100,7868.0,0.0,0.0,0.0,0.0,5.0,5.0,0.0,0.0,2.0,13.0,7.0,0.023331
242200,11916.0,1.67,1.0,0.0,0.0,6.0,6.0,0.0,0.0,1.0,5.0,5.0,0.019998
242300,7272.0,0.0,0.0,0.0,0.0,9.0,9.0,0.0,0.0,1.0,5.0,11.0,0.036663
242400,8553.0,0.28,1.0,0.0,0.0,8.0,11.0,0.0,0.0,2.0,19.0,9.0,0.03333
242500,6724.0,0.0,0.0,0.0,0.0,7.0,8.0,0.0,0.0,2.0,16.0,11.0,0.036663
242600,11066.0,0.0,0.0,0.0,0.0,13.0,9.0,0.0,0.0,1.0,2.0,10.0,0.03333
242700,3646.0,0.0,0.0,0.0,0.0,5.0,10.0,0.0,0.0,1.0,14.0,13.0,0.043329
242800,4683.0,10.53,3.0,0.0,0.0,16.0,39.0,0.0,0.0,2.0,38.0,29.0,0.10665599999999999
242900,3738.0,0.0,0.0,0.0,0.0,8.0,16.0,0.0,0.0,1.0,14.0,19.0,0.063327
243000,6603.0,0.34,1.0,0.0,0.0,11.0,19.0,0.0,0.0,3.0,41.0,16.0,0.056661
243100,6675.0,0.22,1.0,0.0,0.0,10.0,17.0,0.0,0.0,1.0,11.0,13.0,0.046662
243200,6462.0,0.0,0.0,1.0,32.0,10.0,18.0,0.0,0.0,3.0,42.0,16.0,0.15998400000000002
243300,6573.0,0.72,1.0,0.0,0.0,7.0,12.0,0.0,0.0,1.0,11.0,10.0,0.036663
243400,6026.0,0.0,0.0,0.0,0.0,5.0,6.0,0.0,0.0,1.0,7.0,8.0,0.026664
243500,13086.0,0.0,0.0,0.0,0.0,21.0,18.0,2.0,12.0,2.0,11.0,15.0,0.049995
250200,6366.0,0.37,1.0,0.0,0.0,8.0,9.0,0.0,0.0,0.0,0.0,10.0,0.036663
250300,5095.0,0.0,0.0,0.0,0.0,8.0,6.0,0.0,0.0,0.0,0.0,12.0,0.039996
250400,21868.0,18.82,2.0,1.0,6.0,26.0,18.0,0.0,0.0,3.0,14.0,10.0,0.059994
250500,13454.0,0.0,0.0,0.0,0.0,22.0,12.0,0.0,0.0,2.0,6.0,14.0,0.046662
250600,9316.0,0.0,0.0,0.0,0.0,15.0,12.0,0.0,0.0,1.0,3.0,13.0,0.043329
250700,11930.0,0.0,0.0,0.0,0.0,18.0,11.0,0.0,0.0,1.0,2.0,12.0,0.039996
250800,7575.0,18.8,3.0,0.0,0.0,14.0,21.0,0.0,0.0,2.0,22.0,16.0,0.063327
251000,3318.0,0.0,0.0,1.0,71.0,12.0,41.0,0.0,0.0,1.0,26.0,30.0,0.33663299999999996
251100,9534.0,0.0,0.0,0.0,0.0,11.0,9.0,0.0,0.0,1.0,3.0,10.0,0.03333
251200,12321.0,0.29,1.0,0.0,0.0,16.0,15.0,0.0,0.0,1.0,4.0,11.0,0.039996000000000004
251300,8462.0,0.0,0.0,0.0,0.0,18.0,16.0,0.0,0.0,1.0,4.0,17.0,0.056661
251400,18855.0,8.67,1.0,1.0,14.0,11.0,11.0,4.0,38.0,2.0,14.0,7.0,0.073326
251500,12915.0,8.0,1.0,0.0,0.0,11.0,10.0,0.0,0.0,2.0,11.0,8.0,0.029997
251600,9036.0,0.85,1.0,0.0,0.0,7.0,6.0,0.0,0.0,0.0,0.0,6.0,0.023330999999999998
251700,2736.0,0.48,1.0,0.0,0.0,10.0,28.0,0.0,0.0,0.0,0.0,28.0,0.096657
251800,19892.0,0.25,1.0,0.0,0.0,16.0,12.0,4.0,27.0,2.0,9.0,9.0,0.03333
251900,5476.0,0.0,0.0,0.0,0.0,15.0,10.0,0.0,0.0,0.0,0.0,21.0,0.069993
252000,11114.0,0.0,0.0,0.0,0.0,15.0,10.0,0.0,0.0,1.0,2.0,11.0,0.036663
252101,2644.0,140.73,36.0,0.0,0.0,20.0,57.0,0.0,0.0,0.0,0.0,57.0,0.30996899999999994
252102,13504.0,0.0,0.0,0.0,0.0,29.0,16.0,0.0,0.0,4.0,16.0,19.0,0.063327
252201,5520.0,3.74,1.0,0.0,0.0,14.0,19.0,0.0,0.0,0.0,0.0,20.0,0.069993
252202,14385.0,2.2,1.0,0.0,0.0,27.0,21.0,0.0,0.0,1.0,3.0,15.0,0.053328
260100,2150.0,0.0,0.0,0.0,0.0,6.0,21.0,2.0,72.0,0.0,0.0,28.0,0.093324
260200,3510.0,0.98,1.0,0.0,0.0,6.0,19.0,0.0,0.0,2.0,52.0,18.0,0.063327
260300,5526.0,1.14,1.0,0.0,0.0,2.0,4.0,0.0,0.0,1.0,14.0,5.0,0.019998
260400,1238.0,0.0,0.0,0.0,0.0,2.0,6.0,0.0,0.0,0.0,0.0,13.0,0.043329
260500,3582.0,0.0,0.0,0.0,0.0,10.0,21.0,0.0,0.0,1.0,15.0,24.0,0.079992
260600,2324.0,0.0,0.0,0.0,0.0,8.0,13.0,0.0,0.0,0.0,0.0,26.0,0.086658
260700,4806.0,0.0,0.0,0.0,0.0,14.0,33.0,2.0,46.0,1.0,17.0,27.0,0.089991
260800,4674.0,0.0,0.0,1.0,28.0,11.0,18.0,0.0,0.0,0.0,0.0,18.0,0.153318
260900,2934.0,1.33,1.0,0.0,0.0,4.0,10.0,0.0,0.0,0.0,0.0,11.0,0.039996000000000004
261000,4886.0,0.59,1.0,0.0,0.0,7.0,11.0,0.0,0.0,0.0,0.0,11.0,0.039996000000000004
270500,1302.0,0.0,0.0,0.0,0.0,12.0,35.0,0.0,0.0,0.0,0.0,70.0,0.23330999999999996
271200,3849.0,3.22,1.0,0.0,0.0,11.0,32.0,0.0,0.0,1.0,22.0,24.0,0.083325
271300,3099.0,1.28,1.0,0.0,0.0,21.0,77.0,2.0,75.0,0.0,0.0,56.0,0.189981
271400,2700.0,0.0,0.0,0.0,0.0,10.0,28.0,0.0,0.0,1.0,20.0,31.0,0.103323
271500,1440.0,0.0,0.0,0.0,0.0,4.0,11.0,0.0,0.0,0.0,0.0,21.0,0.069993
271800,1662.0,0.48,1.0,0.0,0.0,4.0,27.0,0.0,0.0,1.0,55.0,23.0,0.07999200000000001
280100,28064.0,1.31,1.0,0.0,0.0,21.0,11.0,2.0,5.0,5.0,20.0,8.0,0.029997
280400,5884.0,1.757,1.0,0.0,0.0,5.0,13.0,2.0,50.0,1.0,19.0,11.0,0.039996000000000004
280800,1726.0,2.21,1.0,0.0,0.0,8.0,35.0,0.0,0.0,0.0,0.0,35.0,0.11998799999999998
280900,2150.0,0.0,0.0,0.0,0.0,7.0,25.0,0.0,0.0,1.0,27.0,28.0,0.093324
281900,19776.0,1.11,1.0,0.0,0.0,19.0,11.0,0.0,0.0,6.0,26.0,10.0,0.036663
282700,6825.0,0.0,0.0,0.0,0.0,11.0,18.0,2.0,30.0,2.0,25.0,17.0,0.056661
282800,3220.0,1.04,1.0,0.0,0.0,6.0,14.0,0.0,0.0,0.0,0.0,14.0,0.049995000000000005
283100,2980.0,0.0,0.0,0.0,0.0,5.0,6.0,0.0,0.0,0.0,0.0,13.0,0.043329
283200,5361.0,0.0,0.0,1.0,40.0,8.0,17.0,0.0,0.0,1.0,15.0,13.0,0.176649
283800,7312.0,0.0,0.0,0.0,0.0,4.0,4.0,0.0,0.0,1.0,5.0,6.0,0.019998
290900,13098.0,9.530000000000001,1.0,0.0,0.0,15.0,13.0,0.0,0.0,1.0,4.0,10.0,0.036663
291200,3866.0,3.83,1.0,0.0,0.0,12.0,24.0,0.0,0.0,0.0,0.0,24.0,0.083325
291600,1396.0,0.0,0.0,0.0,0.0,3.0,8.0,0.0,0.0,0.0,0.0,17.0,0.056661
292200,5160.0,0.18,1.0,0.0,0.0,12.0,18.0,0.0,0.0,0.0,0.0,18.0,0.063327
292400,5640.0,0.0,0.0,0.0,0.0,10.0,20.0,2.0,38.0,1.0,14.0,18.0,0.05999399999999999
292500,7396.0,0.0,0.0,0.0,0.0,16.0,16.0,2.0,16.0,0.0,0.0,19.0,0.063327
300500,6428.0,0.0,0.0,0.0,0.0,6.0,7.0,0.0,0.0,1.0,6.0,9.0,0.029996999999999996
300600,8586.0,1.36,1.0,0.0,0.0,10.0,13.0,0.0,0.0,2.0,19.0,11.0,0.039996000000000004
300700,9480.0,0.49,1.0,0.0,0.0,9.0,7.0,0.0,0.0,0.0,0.0,8.0,0.029997
300800,8774.0,0.0,0.0,0.0,0.0,9.0,8.0,0.0,0.0,1.0,4.0,9.0,0.029996999999999996
300900,7964.0,0.0,0.0,1.0,12.0,6.0,6.0,0.0,0.0,0.0,0.0,6.0,0.05999399999999999
301100,4300.0,0.0,0.0,0.0,0.0,6.0,11.0,0.0,0.0,1.0,11.0,13.0,0.043329
301200,15357.0,1.02,1.0,0.0,0.0,8.0,6.0,0.0,0.0,2.0,9.0,5.0,0.019998
301600,6652.0,0.22,1.0,0.0,0.0,3.0,3.0,0.0,0.0,0.0,0.0,4.0,0.016665
301701,3637.0,0.0,0.0,0.0,0.0,9.0,9.0,0.0,0.0,0.0,0.0,19.0,0.063327
301702,7234.0,0.0,0.0,0.0,0.0,10.0,10.0,0.0,0.0,1.0,5.0,12.0,0.039996
301801,8240.0,0.0,0.0,0.0,0.0,7.0,6.0,0.0,0.0,1.0,4.0,8.0,0.026664
301802,2769.0,0.0,0.0,0.0,0.0,10.0,14.0,0.0,0.0,0.0,0.0,28.0,0.093324
301803,12920.0,23.93,3.0,1.0,18.0,7.0,8.0,0.0,0.0,1.0,6.0,5.0,0.08665799999999999
310200,5280.0,2.69,1.0,0.0,0.0,5.0,11.0,0.0,0.0,1.0,15.0,9.0,0.03333
310300,3518.0,0.0,0.0,0.0,0.0,10.0,22.0,0.0,0.0,1.0,15.0,24.0,0.079992
310400,2402.0,0.0,0.0,0.0,0.0,2.0,6.0,0.0,0.0,1.0,24.0,10.0,0.03333
310500,4446.0,6.34,2.0,0.0,0.0,4.0,10.0,0.0,0.0,1.0,18.0,9.0,0.036662999999999994
310600,22392.0,0.72,1.0,1.0,6.0,17.0,11.0,0.0,0.0,3.0,14.0,7.0,0.046661999999999995
310700,1486.0,0.0,0.0,0.0,0.0,6.0,15.0,0.0,0.0,0.0,0.0,31.0,0.103323
310800,13149.0,0.0,0.0,0.0,0.0,8.0,7.0,2.0,12.0,1.0,4.0,7.0,0.023331
310900,19420.0,19.279999999999998,2.0,0.0,0.0,20.0,16.0,2.0,10.0,1.0,3.0,9.0,0.036662999999999994
320101,7952.0,295.45,13.0,0.0,0.0,0.0,0.0,0.0,0.0,0.0,0.0,1.0,0.046662
320102,4769.0,0.0,0.0,0.0,0.0,0.0,0.0,6.0,46.0,0.0,0.0,10.0,0.03333
320400,12232.0,1.1,1.0,0.0,0.0,20.0,25.0,6.0,76.0,4.0,39.0,19.0,0.06666
320600,16611.0,0.0,0.0,0.0,0.0,20.0,14.0,2.0,8.0,3.0,14.0,12.0,0.039996
330101,4556.0,776.2500000000001,58.0,0.0,0.0,0.0,0.0,0.0,0.0,0.0,0.0,1.0,0.196647
330102,18506.0,2.06,1.0,0.0,0.0,0.0,0.0,2.0,2.0,0.0,0.0,1.0,0.006666
330103,15856.0,4.65,1.0,0.0,0.0,0.0,0.0,2.0,4.0,0.0,0.0,1.0,0.006666
330200,15960.0,3.6799999999999997,1.0,0.0,0.0,18.0,17.0,2.0,14.0,2.0,13.0,11.0,0.039996000000000004
340300,3600.0,0.0,0.0,0.0,0.0,1.0,2.0,0.0,0.0,2.0,33.0,7.0,0.023331
340400,1584.0,0.0,0.0,0.0,0.0,8.0,19.0,0.0,0.0,0.0,0.0,38.0,0.126654
340500,6920.0,9.05,2.0,0.0,0.0,9.0,20.0,2.0,42.0,1.0,15.0,14.0,0.053328
340600,3315.0,2.53,1.0,0.0,0.0,9.0,31.0,0.0,0.0,1.0,26.0,23.0,0.07999200000000001
350100,4918.0,0.0,0.0,0.0,0.0,5.0,8.0,0.0,0.0,2.0,23.0,11.0,0.036663
350400,5577.0,6.75,2.0,0.0,0.0,5.0,10.0,0.0,0.0,1.0,14.0,9.0,0.036662999999999994
351000,10071.0,7.97,1.0,0.0,0.0,15.0,17.0,0.0,0.0,3.0,25.0,14.0,0.049995000000000005
351100,2230.0,0.0,0.0,0.0,0.0,5.0,8.0,0.0,0.0,0.0,0.0,17.0,0.056661
351400,3070.0,0.0,0.0,1.0,49.0,8.0,20.0,0.0,0.0,0.0,0.0,20.0,0.229977
351500,1820.0,3.96,2.0,0.0,0.0,5.0,21.0,0.0,0.0,0.0,0.0,21.0,0.076659
360200,3584.0,9.86,2.0,0.0,0.0,7.0,15.0,0.0,0.0,0.0,0.0,15.0,0.056660999999999996
380100,5952.0,1.1800000000000002,1.0,0.0,0.0,9.0,17.0,0.0,0.0,1.0,13.0,13.0,0.046662
380200,1652.0,0.0,0.0,0.0,0.0,4.0,9.0,0.0,0.0,0.0,0.0,19.0,0.063327
380600,8088.0,7.460000000000001,1.0,0.0,0.0,0.0,0.0,2.0,14.0,0.0,0.0,2.0,0.009999000000000001
381200,3328.0,0.0,0.0,0.0,0.0,8.0,18.0,0.0,0.0,1.0,16.0,21.0,0.069993
381400,5016.0,0.0,0.0,1.0,44.0,8.0,18.0,2.0,44.0,0.0,0.0,15.0,0.19664700000000002
381500,612.0,0.0,0.0,0.0,0.0,3.0,19.0,0.0,0.0,0.0,0.0,37.0,0.12332099999999999
381800,5004.0,0.75,1.0,0.0,0.0,9.0,27.0,2.0,61.0,1.0,22.0,19.0,0.06666
381900,1275.0,0.0,0.0,0.0,0.0,4.0,12.0,0.0,0.0,0.0,0.0,24.0,0.079992
390100,3428.0,0.31,1.0,0.0,0.0,3.0,7.0,0.0,0.0,0.0,0.0,7.0,0.026664
390200,6681.0,5.45,1.0,0.0,0.0,4.0,7.0,0.0,0.0,2.0,26.0,7.0,0.026664
390300,5780.0,0.0,0.0,0.0,0.0,10.0,13.0,0.0,0.0,1.0,8.0,15.0,0.049995
390400,4714.0,3.96,1.0,0.0,0.0,8.0,13.0,0.0,0.0,0.0,0.0,13.0,0.046662
390500,1741.0,0.0,0.0,0.0,0.0,4.0,9.0,0.0,0.0,0.0,0.0,18.0,0.05999399999999999
390600,5118.0,7.08,2.0,0.0,0.0,5.0,11.0,0.0,0.0,1.0,15.0,9.0,0.036662999999999994
390700,17571.0,0.0,0.0,1.0,5.0,16.0,10.0,0.0,0.0,2.0,7.0,8.0,0.043329
400300,4844.0,350.49,97.0,0.0,0.0,29.0,91.0,2.0,63.0,3.0,77.0,53.0,0.49994999999999995
400400,4304.0,0.72,1.0,0.0,0.0,7.0,12.0,0.0,0.0,0.0,0.0,13.0,0.046662
400500,2348.0,0.0,0.0,0.0,0.0,6.0,10.0,0.0,0.0,0.0,0.0,20.0,0.06666
400800,2462.0,0.0,0.0,0.0,0.0,18.0,28.0,0.0,0.0,0.0,0.0,55.0,0.183315
410100,6606.0,25.4,4.0,0.0,0.0,9.0,15.0,0.0,0.0,1.0,11.0,12.0,0.053328
410200,1484.0,0.0,0.0,0.0,0.0,4.0,10.0,0.0,0.0,0.0,0.0,21.0,0.069993
410500,5782.0,0.57,1.0,0.0,0.0,7.0,9.0,0.0,0.0,0.0,0.0,10.0,0.036663
410600,6735.0,3.22,1.0,0.0,0.0,3.0,5.0,0.0,0.0,1.0,11.0,5.0,0.019998
410700,7692.0,11.99,2.0,0.0,0.0,4.0,6.0,0.0,0.0,2.0,22.0,6.0,0.026664
410800,5814.0,1.29,1.0,0.0,0.0,6.0,8.0,0.0,0.0,0.0,0.0,8.0,0.029997
410900,10281.0,0.24,1.0,0.0,0.0,11.0,12.0,0.0,0.0,1.0,6.0,9.0,0.03333
411000,7482.0,0.0,0.0,0.0,0.0,13.0,13.0,0.0,0.0,4.0,31.0,18.0,0.05999399999999999
411100,4832.0,0.0,0.0,0.0,0.0,5.0,8.0,0.0,0.0,1.0,10.0,10.0,0.03333
411200,3292.0,1.03,1.0,0.0,0.0,10.0,23.0,0.0,0.0,0.0,0.0,23.0,0.07999200000000001
420100,1567.0,0.0,0.0,0.0,0.0,9.0,22.0,0.0,0.0,0.0,0.0,44.0,0.146652
420200,3506.0,0.5700000000000001,1.0,0.0,0.0,12.0,26.0,0.0,0.0,0.0,0.0,26.0,0.089991
420300,7656.0,72.5,10.0,0.0,0.0,10.0,15.0,0.0,0.0,1.0,9.0,11.0,0.069993
420400,3519.0,2.37,1.0,0.0,0.0,13.0,42.0,0.0,0.0,1.0,24.0,30.0,0.103323
420500,3956.0,0.0,0.0,0.0,0.0,10.0,19.0,0.0,0.0,1.0,13.0,21.0,0.069993
420600,4208.0,0.0,0.0,0.0,0.0,11.0,20.0,0.0,0.0,1.0,12.0,22.0,0.073326
420700,7779.0,0.0,0.0,1.0,25.0,14.0,20.0,2.0,26.0,0.0,0.0,16.0,0.136653
420800,10252.0,0.8300000000000001,1.0,0.0,0.0,10.0,15.0,2.0,26.0,1.0,9.0,10.0,0.036663
421200,1994.0,0.0,0.0,0.0,0.0,16.0,30.0,0.0,0.0,0.0,0.0,61.0,0.203313
430101,3090.0,0.0,0.0,0.0,0.0,9.0,11.0,0.0,0.0,0.0,0.0,22.0,0.073326
430102,10806.0,71.79,7.0,0.0,0.0,10.0,10.0,0.0,0.0,1.0,5.0,8.0,0.049995
430200,11120.0,0.0,0.0,0.0,0.0,18.0,12.0,0.0,0.0,1.0,2.0,13.0,0.043329
430300,7311.0,0.5,1.0,0.0,0.0,11.0,17.0,0.0,0.0,1.0,10.0,13.0,0.046662
430400,3184.0,0.0,0.0,0.0,0.0,10.0,12.0,0.0,0.0,0.0,0.0,24.0,0.079992
430500,7562.0,1.14,1.0,0.0,0.0,7.0,7.0,0.0,0.0,0.0,0.0,7.0,0.026664
430600,2168.0,0.0,0.0,0.0,0.0,7.0,12.0,0.0,0.0,0.0,0.0,25.0,0.083325
430700,2831.0,0.0,0.0,0.0,0.0,11.0,15.0,0.0,0.0,0.0,0.0,30.0,0.09999
430800,4026.0,10.66,2.0,0.0,0.0,6.0,11.0,0.0,0.0,0.0,0.0,12.0,0.046661999999999995
430900,3306.0,3.03,1.0,0.0,0.0,8.0,18.0,0.0,0.0,0.0,0.0,19.0,0.06666
431200,5610.0,0.0,0.0,0.0,0.0,13.0,18.0,0.0,0.0,2.0,20.0,21.0,0.069993
431301,7116.0,0.0,0.0,0.0,0.0,5.0,5.0,0.0,0.0,1.0,5.0,7.0,0.023331
431302,6520.0,0.0,0.0,1.0,17.0,8.0,9.0,0.0,0.0,0.0,0.0,10.0,0.089991
431400,22905.0,2.34,1.0,0.0,0.0,20.0,10.0,0.0,0.0,3.0,9.0,8.0,0.029997
440101,4680.0,0.0,0.0,0.0,0.0,6.0,5.0,0.0,0.0,0.0,0.0,10.0,0.03333
440102,6510.0,0.0,0.0,0.0,0.0,8.0,9.0,0.0,0.0,2.0,16.0,12.0,0.039996
440201,18534.0,0.0,0.0,1.0,4.0,12.0,7.0,0.0,0.0,1.0,2.0,6.0,0.03333
440202,5440.0,6.7,1.0,0.0,0.0,15.0,21.0,0.0,0.0,0.0,0.0,21.0,0.073326
440300,14862.0,6.15,1.0,0.0,0.0,24.0,18.0,0.0,0.0,4.0,23.0,15.0,0.053328
440600,1899.0,0.0,0.0,0.0,0.0,15.0,30.0,0.0,0.0,0.0,0.0,60.0,0.19998
440700,1455.0,0.0,0.0,0.0,0.0,7.0,18.0,0.0,0.0,0.0,0.0,37.0,0.12332099999999999
440800,3646.0,0.0,0.0,0.0,0.0,9.0,19.0,0.0,0.0,1.0,14.0,21.0,0.069993
440900,7542.0,18.7,3.0,0.0,0.0,9.0,14.0,0.0,0.0,1.0,9.0,10.0,0.043329
450300,6680.0,0.0,0.0,0.0,0.0,34.0,39.0,0.0,0.0,4.0,35.0,43.0,0.143319
460100,5312.0,0.0,0.0,0.0,0.0,17.0,24.0,0.0,0.0,1.0,9.0,26.0,0.086658
460200,6663.0,10.05,2.0,0.0,0.0,6.0,10.0,0.0,0.0,1.0,11.0,8.0,0.03333
460301,3292.0,0.0,0.0,0.0,0.0,8.0,9.0,0.0,0.0,0.0,0.0,19.0,0.063327
460302,3796.0,0.0,0.0,0.0,0.0,5.0,5.0,0.0,0.0,0.0,0.0,10.0,0.03333
460400,10857.0,2.95,1.0,0.0,0.0,3.0,3.0,0.0,0.0,1.0,5.0,3.0,0.013332
460500,12230.0,0.48,1.0,0.0,0.0,28.0,17.0,0.0,0.0,0.0,0.0,18.0,0.063327
461000,2568.0,0.0,0.0,0.0,0.0,22.0,65.0,0.0,0.0,1.0,22.0,68.0,0.226644
470100,7956.0,6.72,1.0,0.0,0.0,19.0,27.0,0.0,0.0,1.0,9.0,19.0,0.06666
480100,6723.0,18.42,3.0,0.0,0.0,16.0,27.0,0.0,0.0,1.0,11.0,19.0,0.07332599999999999
480200,1065.0,0.0,0.0,0.0,0.0,6.0,21.0,0.0,0.0,0.0,0.0,43.0,0.143319
480300,2810.0,0.0,0.0,0.0,0.0,5.0,13.0,0.0,0.0,1.0,20.0,17.0,0.056661
480400,10692.0,0.0,0.0,0.0,0.0,31.0,22.0,0.0,0.0,1.0,2.0,23.0,0.076659
480500,5572.0,3.15,1.0,0.0,0.0,21.0,29.0,0.0,0.0,0.0,0.0,29.0,0.09999
490200,3202.0,0.11,1.0,0.0,0.0,0.0,0.0,0.0,0.0,0.0,0.0,1.0,0.006666
490500,6195.0,25.0,5.0,0.0,0.0,28.0,51.0,0.0,0.0,1.0,12.0,36.0,0.13665299999999997
490600,1512.0,0.0,0.0,0.0,0.0,8.0,20.0,0.0,0.0,0.0,0.0,40.0,0.13332
490700,5610.0,4.61,1.0,0.0,0.0,4.0,5.0,0.0,0.0,0.0,0.0,6.0,0.023330999999999998
490800,3663.0,0.0,0.0,0.0,0.0,25.0,26.0,0.0,0.0,0.0,0.0,52.0,0.173316
490901,9279.0,38.44,5.0,1.0,19.0,16.0,20.0,0.0,0.0,0.0,0.0,13.0,0.12332099999999999
490902,9146.0,0.0,0.0,0.0,0.0,28.0,23.0,0.0,0.0,3.0,18.0,26.0,0.086658
491000,10530.0,3.23,1.0,0.0,0.0,8.0,9.0,0.0,0.0,2.0,15.0,8.0,0.029997
491100,13407.0,12.33,1.0,0.0,0.0,14.0,12.0,0.0,0.0,1.0,4.0,9.0,0.03333
491200,1901.0,0.0,0.0,0.0,0.0,13.0,26.0,0.0,0.0,0.0,0.0,52.0,0.173316
491300,2179.0,0.0,0.0,0.0,0.0,8.0,14.0,0.0,0.0,0.0,0.0,28.0,0.093324
491400,6020.0,0.0,0.0,0.0,0.0,27.0,34.0,0.0,0.0,2.0,18.0,37.0,0.12332099999999999
500100,9924.0,27.9,3.0,0.0,0.0,22.0,25.0,0.0,0.0,2.0,16.0,19.0,0.07332599999999999
500200,5889.0,0.23,1.0,0.0,0.0,22.0,42.0,0.0,0.0,3.0,46.0,32.0,0.109989
500300,5628.0,5.779999999999999,2.0,0.0,0.0,3.0,6.0,0.0,0.0,1.0,14.0,6.0,0.026664
510100,11205.0,5.05,1.0,0.0,0.0,21.0,21.0,0.0,0.0,1.0,5.0,15.0,0.053328
510200,12051.0,4.24,1.0,0.0,0.0,30.0,28.0,0.0,0.0,1.0,4.0,20.0,0.069993
510300,17380.0,4.9,1.0,1.0,10.0,49.0,43.0,0.0,0.0,2.0,11.0,23.0,0.113322
520100,6807.0,181.29,27.0,0.0,0.0,12.0,20.0,0.0,0.0,2.0,25.0,16.0,0.143319
520200,7154.0,0.67,1.0,0.0,0.0,8.0,8.0,0.0,0.0,0.0,0.0,9.0,0.03333
520300,11718.0,4.6499999999999995,1.0,0.0,0.0,14.0,9.0,0.0,0.0,0.0,0.0,9.0,0.03333
520400,14415.0,0.0,0.0,1.0,8.0,15.0,12.0,0.0,0.0,1.0,3.0,9.0,0.056660999999999996
520500,10528.0,0.0,0.0,0.0,0.0,13.0,9.0,0.0,0.0,1.0,2.0,10.0,0.03333
520600,7965.0,18.64,3.0,0.0,0.0,12.0,17.0,0.0,0.0,1.0,9.0,13.0,0.053328
530100,5811.0,4.88,1.0,0.0,0.0,16.0,31.0,0.0,0.0,1.0,13.0,22.0,0.076659
530200,8812.0,0.36511340773,1.0,0.0,0.0,20.0,17.0,0.0,0.0,0.0,0.0,18.0,0.063327
530300,15896.0,7.82,1.0,1.0,12.0,19.0,18.0,0.0,0.0,1.0,4.0,10.0,0.076659
530400,4430.0,5.5,1.0,0.0,0.0,12.0,21.0,0.0,0.0,0.0,0.0,21.0,0.073326
530501,5007.0,0.0,0.0,0.0,0.0,12.0,9.0,0.0,0.0,0.0,0.0,18.0,0.05999399999999999
530502,1494.0,0.0,0.0,0.0,0.0,0.0,0.0,0.0,0.0,1.0,18.0,6.0,0.019998
530503,16722.0,16.18,1.0,0.0,0.0,8.0,5.0,0.0,0.0,1.0,2.0,5.0,0.019998
530600,2344.0,0.0,0.0,0.0,0.0,17.0,27.0,0.0,0.0,0.0,0.0,55.0,0.183315
540101,18140.0,18.76,2.0,1.0,10.0,12.0,10.0,0.0,0.0,2.0,11.0,6.0,0.05999399999999999
540102,6798.0,0.0,0.0,0.0,0.0,11.0,12.0,0.0,0.0,1.0,6.0,14.0,0.046662
550100,25976.0,19.32,1.0,1.0,4.0,42.0,25.0,0.0,0.0,2.0,6.0,13.0,0.059994
550200,8247.0,130.45,16.0,0.0,0.0,6.0,8.0,0.0,0.0,3.0,32.0,9.0,0.083325
560100,1331.0,0.0,0.0,0.0,0.0,7.0,20.0,0.0,0.0,0.0,0.0,40.0,0.13332
560200,4641.0,12.56,3.0,0.0,0.0,4.0,10.0,0.0,0.0,1.0,17.0,9.0,0.039996
560300,9639.0,13.31,2.0,0.0,0.0,5.0,6.0,0.0,0.0,1.0,6.0,5.0,0.023330999999999998
560400,1608.0,0.0,0.0,0.0,0.0,6.0,14.0,0.0,0.0,0.0,0.0,29.0,0.09665699999999999
560700,3682.0,0.0,0.0,0.0,0.0,12.0,12.0,0.0,0.0,0.0,0.0,25.0,0.083325
560800,12154.0,0.0,0.0,1.0,5.0,23.0,14.0,0.0,0.0,0.0,0.0,15.0,0.06666
560900,10788.0,4.85,1.0,0.0,0.0,8.0,6.0,0.0,0.0,0.0,0.0,6.0,0.023330999999999998
561000,5947.0,0.0,0.0,0.0,0.0,17.0,11.0,0.0,0.0,0.0,0.0,22.0,0.073326
561100,5748.0,0.0,0.0,0.0,0.0,17.0,11.0,0.0,0.0,0.0,0.0,23.0,0.076659
570100,3963.0,0.53,1.0,0.0,0.0,13.0,37.0,0.0,0.0,1.0,21.0,27.0,0.093324
570200,6813.0,0.49,1.0,0.0,0.0,14.0,23.0,0.0,0.0,1.0,11.0,17.0,0.059994000000000006
570300,22468.0,14.09,1.0,1.0,6.0,13.0,9.0,0.0,0.0,2.0,8.0,6.0,0.04332899999999999
570400,3522.0,9.03,2.0,0.0,0.0,15.0,32.0,0.0,0.0,0.0,0.0,32.0,0.113322
570500,5242.0,0.0,0.0,0.0,0.0,11.0,16.0,0.0,0.0,1.0,9.0,18.0,0.05999399999999999
580100,5252.0,0.0,0.0,0.0,0.0,16.0,23.0,0.0,0.0,2.0,21.0,26.0,0.086658
580200,6478.0,0.94,1.0,0.0,0.0,23.0,27.0,0.0,0.0,0.0,0.0,27.0,0.093324
580300,2536.0,0.0,0.0,0.0,0.0,9.0,13.0,0.0,0.0,0.0,0.0,27.0,0.089991
580400,5164.0,0.0,0.0,0.0,0.0,22.0,16.0,0.0,0.0,0.0,0.0,32.0,0.106656
580501,9546.0,0.0,0.0,0.0,0.0,12.0,10.0,0.0,0.0,1.0,3.0,11.0,0.036663
580502,14496.0,0.0,0.0,1.0,8.0,10.0,8.0,0.0,0.0,1.0,3.0,6.0,0.046661999999999995
580600,14823.0,7.28,1.0,0.0,0.0,11.0,8.0,0.0,0.0,1.0,3.0,7.0,0.026664
580700,6356.0,0.0,0.0,0.0,0.0,7.0,4.0,0.0,0.0,0.0,0.0,9.0,0.029996999999999996
580800,2110.0,0.0,0.0,0.0,0.0,5.0,9.0,0.0,0.0,0.0,0.0,18.0,0.05999399999999999
590500,6984.0,72.09,14.0,0.0,0.0,19.0,41.0,2.0,41.0,3.0,52.0,26.0,0.13332
590600,7402.0,0.0,0.0,1.0,14.0,3.0,3.0,0.0,0.0,0.0,0.0,4.0,0.059994000000000006
590700,6032.0,0.0,0.0,0.0,0.0,13.0,16.0,0.0,0.0,2.0,18.0,19.0,0.063327
600400,12351.0,0.42,1.0,0.0,0.0,13.0,12.0,0.0,0.0,2.0,12.0,10.0,0.036663
600600,9183.0,2.15,1.0,0.0,0.0,7.0,9.0,0.0,0.0,1.0,7.0,7.0,0.026664
600700,5406.0,4.8,1.0,0.0,0.0,9.0,13.0,0.0,0.0,0.0,0.0,13.0,0.046662
600900,11694.0,0.21,1.0,0.0,0.0,8.0,8.0,0.0,0.0,1.0,5.0,6.0,0.023330999999999998
610300,16878.0,8.91,1.0,0.0,0.0,14.0,9.0,0.0,0.0,1.0,2.0,7.0,0.026664
610400,1902.0,0.0,0.0,0.0,0.0,4.0,8.0,0.0,0.0,0.0,0.0,16.0,0.053328
610800,1551.0,0.0,0.0,0.0,0.0,2.0,5.0,0.0,0.0,0.0,0.0,10.0,0.03333
611200,6099.0,0.22,1.0,0.0,0.0,8.0,15.0,0.0,0.0,1.0,12.0,12.0,0.043329
611300,3117.0,0.0,0.0,0.0,0.0,8.0,10.0,0.0,0.0,0.0,0.0,20.0,0.06666
611400,6618.0,8.8,1.0,0.0,0.0,6.0,7.0,0.0,0.0,0.0,0.0,7.0,0.026664
611500,10050.0,0.0,0.0,1.0,17.0,14.0,16.0,0.0,0.0,2.0,16.0,12.0,0.09665699999999999
611600,5226.0,1.26,1.0,0.0,0.0,11.0,24.0,0.0,0.0,2.0,34.0,19.0,0.06666
611700,1790.0,0.0,0.0,0.0,0.0,9.0,19.0,0.0,0.0,0.0,0.0,38.0,0.126654
611800,1996.0,0.0,0.0,0.0,0.0,5.0,9.0,0.0,0.0,0.0,0.0,19.0,0.063327
611900,5476.0,57.69,15.0,1.0,56.0,16.0,44.0,0.0,0.0,2.0,44.0,25.0,0.319968
612000,1208.0,0.0,0.0,0.0,0.0,9.0,28.0,0.0,0.0,0.0,0.0,56.0,0.186648
612100,2048.0,1.0,1.0,0.0,0.0,9.0,33.0,0.0,0.0,0.0,0.0,34.0,0.11665500000000001
612200,3681.0,2.14,1.0,0.0,0.0,0.0,0.0,0.0,0.0,0.0,0.0,1.0,0.006666
620100,4400.0,0.0,0.0,0.0,0.0,6.0,5.0,0.0,0.0,0.0,0.0,11.0,0.036663
620200,8048.0,4.35,1.0,0.0,0.0,11.0,21.0,2.0,35.0,2.0,29.0,14.0,0.049995000000000005
620300,13836.0,13.2,1.0,0.0,0.0,16.0,9.0,0.0,0.0,0.0,0.0,9.0,0.03333
620400,4692.0,0.0,0.0,0.0,0.0,12.0,10.0,0.0,0.0,0.0,0.0,20.0,0.06666
630300,15579.0,0.0,0.0,0.0,0.0,11.0,8.0,2.0,9.0,1.0,3.0,7.0,0.023331
630400,12272.0,0.0,0.0,0.0,0.0,17.0,10.0,0.0,0.0,1.0,2.0,12.0,0.039996
630500,11526.0,0.0,0.0,0.0,0.0,15.0,10.0,0.0,0.0,2.0,8.0,12.0,0.039996
630600,5434.0,0.96,1.0,0.0,0.0,0.0,0.0,2.0,24.0,0.0,0.0,3.0,0.013332
630800,19074.0,0.0,0.0,1.0,4.0,15.0,9.0,0.0,0.0,2.0,7.0,7.0,0.036663
630900,9040.0,18.83,2.0,0.0,0.0,11.0,9.0,0.0,0.0,0.0,0.0,10.0,0.039996
640100,1349.0,0.0,0.0,0.0,0.0,6.0,17.0,0.0,0.0,0.0,0.0,34.0,0.113322
640300,15100.0,26.410000000000004,2.0,0.0,0.0,21.0,11.0,0.0,0.0,0.0,0.0,11.0,0.043329
640400,6934.0,8.32,1.0,0.0,0.0,15.0,16.0,0.0,0.0,0.0,0.0,17.0,0.059994000000000006
640500,12075.0,0.64,1.0,1.0,12.0,17.0,16.0,0.0,0.0,0.0,0.0,11.0,0.07999200000000001
640600,4337.0,0.0,0.0,0.0,0.0,21.0,18.0,0.0,0.0,0.0,0.0,37.0,0.12332099999999999
640700,6474.0,4.82,1.0,0.0,0.0,20.0,23.0,0.0,0.0,0.0,0.0,24.0,0.083325
640800,1542.0,0.0,0.0,0.0,0.0,9.0,22.0,0.0,0.0,0.0,0.0,44.0,0.146652
650100,9168.0,0.0,0.0,0.0,0.0,11.0,9.0,0.0,0.0,2.0,11.0,11.0,0.036663
650200,21126.0,0.0,0.0,1.0,3.0,15.0,8.0,0.0,0.0,1.0,1.0,6.0,0.029996999999999996
650301,14316.0,22.26,2.0,0.0,0.0,9.0,7.0,0.0,0.0,1.0,3.0,6.0,0.026664
650302,4782.0,0.0,0.0,0.0,0.0,8.0,6.0,0.0,0.0,0.0,0.0,13.0,0.043329
650400,13414.0,0.0,0.0,0.0,0.0,13.0,7.0,0.0,0.0,1.0,1.0,8.0,0.026664
650500,9022.0,12.75,1.0,0.0,0.0,23.0,19.0,0.0,0.0,0.0,0.0,20.0,0.069993
660301,1572.0,0.0,0.0,0.0,0.0,6.0,14.0,0.0,0.0,0.0,0.0,29.0,0.09665699999999999
660302,9280.0,0.09,1.0,0.0,0.0,11.0,9.0,0.0,0.0,0.0,0.0,9.0,0.03333
660400,13842.0,0.0,0.0,1.0,9.0,13.0,11.0,0.0,0.0,2.0,10.0,9.0,0.05999399999999999
660500,8728.0,0.0,0.0,0.0,0.0,11.0,10.0,0.0,0.0,2.0,11.0,12.0,0.039996
660600,10532.0,0.0,0.0,0.0,0.0,13.0,9.0,0.0,0.0,1.0,2.0,10.0,0.03333
660700,3058.0,0.48,1.0,0.0,0.0,8.0,20.0,0.0,0.0,0.0,0.0,20.0,0.069993
660800,17184.0,0.38,1.0,0.0,0.0,8.0,5.0,0.0,0.0,1.0,2.0,4.0,0.016665
660900,15243.0,315.63,21.0,0.0,0.0,26.0,19.0,0.0,0.0,4.0,22.0,15.0,0.119988
661000,16728.0,0.07,1.0,0.0,0.0,12.0,8.0,0.0,0.0,1.0,2.0,6.0,0.023330999999999998
661100,14740.0,0.0,0.0,0.0,0.0,11.0,6.0,0.0,0.0,1.0,1.0,7.0,0.023331
670100,2658.0,0.3,1.0,0.0,0.0,9.0,26.0,0.0,0.0,0.0,0.0,26.0,0.089991
670200,1494.0,0.0,0.0,0.0,0.0,6.0,30.0,0.0,0.0,1.0,40.0,36.0,0.11998799999999998
670300,3960.0,4.36,2.0,0.0,0.0,7.0,20.0,0.0,0.0,1.0,21.0,16.0,0.059994
670400,1626.0,0.0,0.0,0.0,0.0,7.0,16.0,0.0,0.0,0.0,0.0,33.0,0.109989
670500,2496.0,17.66,8.0,0.0,0.0,14.0,64.0,0.0,0.0,1.0,36.0,46.0,0.179982
670600,1097.0,0.0,0.0,0.0,0.0,7.0,24.0,0.0,0.0,0.0,0.0,48.0,0.159984
670700,1170.0,0.0,0.0,0.0,0.0,6.0,19.0,0.0,0.0,0.0,0.0,39.0,0.129987
670800,1077.0,0.0,0.0,0.0,0.0,4.0,14.0,0.0,0.0,0.0,0.0,28.0,0.093324
670900,1314.0,0.0,0.0,0.0,0.0,9.0,26.0,0.0,0.0,0.0,0.0,52.0,0.173316
671100,3099.0,0.0,0.0,0.0,0.0,6.0,22.0,2.0,75.0,1.0,28.0,22.0,0.073326
671200,2445.0,0.0,0.0,1.0,100.0,6.0,28.0,0.0,0.0,1.0,36.0,22.0,0.406626
671300,3214.0,0.24,1.0,0.0,0.0,8.0,19.0,0.0,0.0,0.0,0.0,19.0,0.06666
671400,1263.0,0.0,0.0,0.0,0.0,10.0,30.0,0.0,0.0,0.0,0.0,60.0,0.19998
671500,4526.0,0.31,1.0,0.0,0.0,16.0,27.0,0.0,0.0,0.0,0.0,27.0,0.093324
671600,1719.0,0.0,0.0,0.0,0.0,9.0,20.0,0.0,0.0,0.0,0.0,40.0,0.13332
671800,1242.0,0.0,0.0,0.0,0.0,3.0,9.0,0.0,0.0,0.0,0.0,19.0,0.063327
671900,2586.0,0.0,0.0,0.0,0.0,8.0,23.0,0.0,0.0,1.0,22.0,27.0,0.089991
672000,10569.0,3.51,1.0,0.0,0.0,20.0,22.0,0.0,0.0,1.0,6.0,15.0,0.053328
680500,3432.0,1.94,1.0,0.0,0.0,8.0,26.0,0.0,0.0,1.0,25.0,20.0,0.069993
680600,2982.0,0.28,1.0,0.0,0.0,8.0,30.0,0.0,0.0,2.0,62.0,26.0,0.089991
680900,15524.0,0.25,1.0,0.0,0.0,15.0,15.0,2.0,15.0,2.0,13.0,10.0,0.036663
681000,4214.0,0.0,0.0,0.0,0.0,11.0,20.0,0.0,0.0,1.0,12.0,22.0,0.073326
681100,3814.0,0.0,0.0,0.0,0.0,17.0,34.0,0.0,0.0,2.0,31.0,38.0,0.126654
681200,6372.0,5.9399999999999995,1.0,0.0,0.0,17.0,30.0,0.0,0.0,1.0,12.0,22.0,0.076659
681300,7050.0,31.020000000000003,5.0,0.0,0.0,17.0,27.0,0.0,0.0,1.0,10.0,20.0,0.083325
681400,2129.0,0.0,0.0,0.0,0.0,13.0,23.0,0.0,0.0,0.0,0.0,46.0,0.153318
690300,7083.0,0.0,0.0,0.0,0.0,21.0,34.0,2.0,29.0,1.0,10.0,26.0,0.086658
690400,2748.0,0.0,0.0,0.0,0.0,24.0,33.0,0.0,0.0,0.0,0.0,66.0,0.219978
690500,1796.0,0.0,0.0,0.0,0.0,17.0,72.0,0.0,0.0,1.0,33.0,76.0,0.253308
690900,4109.0,0.0,0.0,0.0,0.0,14.0,13.0,0.0,0.0,0.0,0.0,26.0,0.086658
691000,6216.0,3.1,1.0,0.0,0.0,18.0,33.0,0.0,0.0,2.0,28.0,25.0,0.086658
691100,5822.0,2.99,1.0,0.0,0.0,21.0,27.0,0.0,0.0,0.0,0.0,28.0,0.096657
691200,6450.0,5.36,1.0,0.0,0.0,24.0,42.0,0.0,0.0,1.0,11.0,30.0,0.103323
691300,4890.0,0.0,0.0,0.0,0.0,17.0,26.0,0.0,0.0,1.0,10.0,28.0,0.093324
691400,5596.0,0.0,0.0,0.0,0.0,17.0,23.0,0.0,0.0,2.0,20.0,26.0,0.086658
691500,6006.0,20.240000000000002,4.0,0.0,0.0,10.0,19.0,0.0,0.0,1.0,13.0,14.0,0.059994000000000006
700100,11646.0,1.38,1.0,0.0,0.0,27.0,26.0,0.0,0.0,1.0,5.0,19.0,0.06666
700200,13942.0,14.3,1.0,0.0,0.0,21.0,11.0,0.0,0.0,0.0,0.0,12.0,0.043329
700301,13386.0,0.0,0.0,1.0,3.0,9.0,5.0,0.0,0.0,0.0,0.0,6.0,0.029996999999999996
700302,18150.0,12.17,1.0,0.0,0.0,12.0,7.0,0.0,0.0,3.0,12.0,7.0,0.026664
700401,20232.0,14.06,1.0,0.0,0.0,19.0,11.0,0.0,0.0,3.0,11.0,9.0,0.03333
700402,14008.0,0.34,1.0,1.0,15.0,15.0,16.0,0.0,0.0,1.0,6.0,9.0,0.083325
700501,13332.0,0.0,0.0,0.0,0.0,14.0,8.0,0.0,0.0,1.0,1.0,9.0,0.029996999999999996
700502,11121.0,20.63,2.0,0.0,0.0,14.0,14.0,0.0,0.0,1.0,5.0,11.0,0.043329
710100,3300.0,1.74,1.0,0.0,0.0,5.0,17.0,0.0,0.0,1.0,26.0,14.0,0.049995000000000005
710200,13413.0,6.84,1.0,1.0,10.0,13.0,11.0,0.0,0.0,0.0,0.0,8.0,0.063327
710300,1541.0,0.0,0.0,0.0,0.0,4.0,10.0,0.0,0.0,0.0,0.0,20.0,0.06666
710400,11230.0,0.0,0.0,0.0,0.0,15.0,10.0,0.0,0.0,1.0,2.0,11.0,0.036663
710500,12576.0,16.56,2.0,0.0,0.0,18.0,16.0,0.0,0.0,1.0,4.0,12.0,0.046661999999999995
710600,1859.0,0.0,0.0,0.0,0.0,4.0,8.0,0.0,0.0,0.0,0.0,17.0,0.056661
710700,7502.0,1.28,1.0,0.0,0.0,12.0,12.0,0.0,0.0,0.0,0.0,13.0,0.046662
710800,9300.0,0.77,1.0,0.0,0.0,18.0,15.0,0.0,0.0,0.0,0.0,15.0,0.053328
710900,4460.0,5.99,1.0,0.0,0.0,14.0,24.0,0.0,0.0,0.0,0.0,24.0,0.083325
711000,11838.0,0.32,1.0,0.0,0.0,12.0,12.0,0.0,0.0,1.0,5.0,9.0,0.03333
711100,5294.0,0.0,0.0,0.0,0.0,10.0,14.0,0.0,0.0,1.0,9.0,16.0,0.053328
711200,10070.0,0.0,0.0,0.0,0.0,17.0,13.0,0.0,0.0,2.0,9.0,15.0,0.049995
711300,4848.0,0.96,1.0,0.0,0.0,6.0,14.0,0.0,0.0,1.0,17.0,11.0,0.039996000000000004
711400,8103.0,0.0,0.0,1.0,23.0,15.0,21.0,0.0,0.0,1.0,8.0,15.0,0.126654
711500,2685.0,0.0,0.0,0.0,0.0,9.0,13.0,0.0,0.0,0.0,0.0,26.0,0.086658
720100,13328.0,5.12,1.0,1.0,17.0,17.0,19.0,0.0,0.0,1.0,6.0,11.0,0.096657
720200,12573.0,17.73,2.0,0.0,0.0,13.0,12.0,0.0,0.0,1.0,4.0,9.0,0.036662999999999994
720300,3786.0,0.0,0.0,0.0,0.0,9.0,9.0,0.0,0.0,0.0,0.0,18.0,0.05999399999999999
720400,3808.0,13.98,3.0,0.0,0.0,5.0,10.0,0.0,0.0,0.0,0.0,10.0,0.043329
720500,3872.0,5.69,1.0,0.0,0.0,9.0,18.0,0.0,0.0,0.0,0.0,18.0,0.063327
720600,5331.0,0.56,1.0,0.0,0.0,4.0,9.0,0.0,0.0,1.0,15.0,8.0,0.029997
720700,8979.0,2.38,1.0,0.0,0.0,11.0,14.0,0.0,0.0,1.0,7.0,11.0,0.039996000000000004
730100,8244.0,13.96,2.0,0.0,0.0,7.0,10.0,0.0,0.0,1.0,8.0,8.0,0.03333
730201,15225.0,9.26,1.0,0.0,0.0,9.0,7.0,0.0,0.0,1.0,3.0,5.0,0.019998
730202,3064.0,0.0,0.0,0.0,0.0,9.0,11.0,0.0,0.0,0.0,0.0,23.0,0.076659
730300,1011.0,0.0,0.0,0.0,0.0,5.0,19.0,0.0,0.0,0.0,0.0,38.0,0.126654
730400,8566.0,9.99,1.0,0.0,0.0,30.0,27.0,0.0,0.0,0.0,0.0,27.0,0.093324
730500,17188.0,15.759999999999998,2.0,1.0,11.0,17.0,15.0,0.0,0.0,1.0,4.0,8.0,0.069993
730600,3905.0,0.0,0.0,0.0,0.0,24.0,23.0,0.0,0.0,0.0,0.0,47.0,0.15665099999999998
730700,6879.0,12.32,2.0,0.0,0.0,14.0,23.0,0.0,0.0,1.0,11.0,17.0,0.06332700000000001
740100,3115.0,0.0,0.0,0.0,0.0,20.0,24.0,0.0,0.0,0.0,0.0,49.0,0.163317
740200,13214.0,0.0,0.0,0.0,0.0,23.0,13.0,0.0,0.0,2.0,6.0,15.0,0.049995
740300,20068.0,54.81,4.0,1.0,8.0,17.0,13.0,0.0,0.0,1.0,3.0,7.0,0.06332700000000001
740400,9476.0,0.0,0.0,0.0,0.0,23.0,18.0,0.0,0.0,1.0,3.0,20.0,0.06666
750100,8122.0,0.97,1.0,0.0,0.0,21.0,20.0,0.0,0.0,0.0,0.0,20.0,0.069993
750200,11424.0,11.3,2.0,1.0,21.0,8.0,11.0,0.0,0.0,1.0,8.0,6.0,0.096657
750300,2604.0,0.0,0.0,0.0,0.0,4.0,6.0,0.0,0.0,0.0,0.0,12.0,0.039996
750400,8721.0,18.48,3.0,0.0,0.0,3.0,4.0,0.0,0.0,1.0,8.0,4.0,0.023330999999999998
750500,15834.0,15.95,2.0,0.0,0.0,32.0,23.0,0.0,0.0,1.0,2.0,16.0,0.059994
750600,7842.0,0.0,0.0,0.0,0.0,19.0,18.0,0.0,0.0,2.0,13.0,21.0,0.069993
760801,14442.0,1.79,1.0,0.0,0.0,12.0,9.0,2.0,11.0,0.0,0.0,8.0,0.029997
760802,2351.0,0.0,0.0,0.0,0.0,9.0,14.0,0.0,0.0,0.0,0.0,29.0,0.09665699999999999
760803,6253.0,0.0,0.0,0.0,0.0,9.0,5.0,0.0,0.0,0.0,0.0,11.0,0.036663
770700,2227.0,0.0,0.0,0.0,0.0,0.0,0.0,2.0,31.0,0.0,0.0,7.0,0.023331
770901,4847.0,0.0,0.0,0.0,0.0,11.0,9.0,0.0,0.0,0.0,0.0,18.0,0.05999399999999999
770902,3588.0,0.0,0.0,0.0,0.0,16.0,17.0,0.0,0.0,0.0,0.0,34.0,0.113322
801300,4432.0,0.0,0.0,0.0,0.0,0.0,0.0,2.0,12.0,0.0,0.0,4.0,0.013332
805501,3606.0,0.0,0.0,0.0,0.0,2.0,2.0,0.0,0.0,0.0,0.0,5.0,0.016665
805502,4380.0,0.0,0.0,0.0,0.0,9.0,8.0,0.0,0.0,0.0,0.0,16.0,0.053328
806801,4421.0,0.0,0.0,0.0,0.0,6.0,5.0,0.0,0.0,0.0,0.0,11.0,0.036663
806900,5742.0,0.0,0.0,0.0,0.0,21.0,14.0,0.0,0.0,0.0,0.0,28.0,0.093324
807000,5347.0,0.0,0.0,0.0,0.0,11.0,8.0,0.0,0.0,0.0,0.0,16.0,0.053328
807200,5850.0,0.0,0.0,0.0,0.0,4.0,3.0,0.0,0.0,0.0,0.0,6.0,0.019998
807300,16458.0,0.0,0.0,0.0,0.0,27.0,12.0,2.0,3.0,0.0,0.0,14.0,0.046662
807400,6952.0,0.0,0.0,0.0,0.0,16.0,9.0,0.0,0.0,0.0,0.0,18.0,0.05999399999999999
807500,3598.0,0.0,0.0,0.0,0.0,9.0,9.0,0.0,0.0,0.0,0.0,19.0,0.063327
807600,6373.0,0.0,0.0,0.0,0.0,17.0,10.0,0.0,0.0,0.0,0.0,21.0,0.069993
807700,11904.0,0.0,0.0,0.0,0.0,10.0,6.0,2.0,7.0,0.0,0.0,8.0,0.026664
807900,4150.0,0.0,0.0,0.0,0.0,16.0,15.0,0.0,0.0,0.0,0.0,29.0,0.09665699999999999
808002,5293.0,0.0,0.0,0.0,0.0,6.0,4.0,0.0,0.0,0.0,0.0,9.0,0.029996999999999996
808400,4305.0,0.0,0.0,0.0,0.0,1.0,1.0,0.0,0.0,0.0,0.0,2.0,0.006666
808702,11038.0,0.0,0.0,0.0,0.0,6.0,4.0,0.0,0.0,2.0,8.0,6.0,0.019998
808800,7910.0,0.0,0.0,0.0,0.0,20.0,19.0,0.0,0.0,2.0,13.0,21.0,0.069993
808900,8490.0,0.0,0.0,0.0,0.0,14.0,12.0,0.0,0.0,1.0,4.0,14.0,0.046662
809000,3973.0,0.0,0.0,0.0,0.0,7.0,7.0,0.0,0.0,0.0,0.0,14.0,0.046662
809100,6528.0,0.0,0.0,0.0,0.0,6.0,7.0,0.0,0.0,1.0,6.0,9.0,0.029996999999999996
809200,4578.0,0.0,0.0,0.0,0.0,13.0,11.0,0.0,0.0,0.0,0.0,22.0,0.073326
809300,14556.0,0.0,0.0,0.0,0.0,5.0,4.0,6.0,45.0,1.0,3.0,7.0,0.023331
809401,5662.0,0.0,0.0,0.0,0.0,1.0,1.0,2.0,23.0,0.0,0.0,4.0,0.013332
809402,8421.0,0.0,0.0,0.0,0.0,8.0,11.0,2.0,23.0,1.0,8.0,10.0,0.03333
809500,4211.0,0.0,0.0,0.0,0.0,15.0,13.0,0.0,0.0,0.0,0.0,27.0,0.089991
809600,6852.0,0.0,0.0,0.0,0.0,12.0,13.0,0.0,0.0,1.0,6.0,15.0,0.049995
809700,8040.0,0.0,0.0,0.0,0.0,15.0,14.0,0.0,0.0,2.0,13.0,16.0,0.053328
809800,2825.0,0.0,0.0,0.0,0.0,9.0,12.0,0.0,0.0,0.0,0.0,24.0,0.079992
810000,11204.0,0.0,0.0,0.0,0.0,0.0,0.0,4.0,23.0,1.0,2.0,4.0,0.013332
810100,4789.0,0.0,0.0,0.0,0.0,8.0,6.0,0.0,0.0,0.0,0.0,13.0,0.043329
810200,13176.0,0.0,0.0,0.0,0.0,19.0,11.0,0.0,0.0,1.0,1.0,12.0,0.039996
810301,9598.0,0.0,0.0,0.0,0.0,24.0,19.0,0.0,0.0,1.0,3.0,20.0,0.06666
810302,3389.0,0.0,0.0,0.0,0.0,15.0,17.0,0.0,0.0,0.0,0.0,34.0,0.113322
810501,5163.0,0.0,0.0,0.0,0.0,14.0,10.0,0.0,0.0,0.0,0.0,21.0,0.069993
810502,6193.0,0.0,0.0,0.0,0.0,25.0,15.0,0.0,0.0,0.0,0.0,31.0,0.103323
810600,4747.0,0.0,0.0,0.0,0.0,26.0,21.0,0.0,0.0,0.0,0.0,42.0,0.139986
810701,4473.0,0.0,0.0,0.0,0.0,4.0,3.0,0.0,0.0,0.0,0.0,7.0,0.023331
810702,4253.0,0.0,0.0,0.0,0.0,2.0,2.0,0.0,0.0,0.0,0.0,4.0,0.013332
810800,5440.0,0.0,0.0,0.0,0.0,4.0,3.0,0.0,0.0,0.0,0.0,6.0,0.019998
810900,6114.0,0.0,0.0,0.0,0.0,8.0,5.0,0.0,0.0,0.0,0.0,10.0,0.03333
811100,6964.0,0.0,0.0,0.0,0.0,5.0,3.0,0.0,0.0,0.0,0.0,6.0,0.019998
811900,6283.0,0.0,0.0,0.0,0.0,8.0,5.0,0.0,0.0,0.0,0.0,10.0,0.03333
812000,5459.0,0.0,0.0,0.0,0.0,3.0,2.0,0.0,0.0,0.0,0.0,5.0,0.016665
812100,4656.0,0.0,0.0,0.0,0.0,15.0,12.0,0.0,0.0,0.0,0.0,25.0,0.083325
812200,3916.0,0.0,0.0,0.0,0.0,15.0,14.0,0.0,0.0,0.0,0.0,29.0,0.09665699999999999
812301,9804.0,0.0,0.0,0.0,0.0,5.0,4.0,4.0,28.0,0.0,0.0,7.0,0.023331
812302,2900.0,0.0,0.0,0.0,0.0,6.0,8.0,0.0,0.0,0.0,0.0,16.0,0.053328
812400,3276.0,0.0,0.0,0.0,0.0,6.0,7.0,0.0,0.0,0.0,0.0,14.0,0.046662
812500,6802.0,0.0,0.0,0.0,0.0,16.0,18.0,2.0,18.0,0.0,0.0,20.0,0.06666
812600,3554.0,0.0,0.0,0.0,0.0,4.0,4.0,0.0,0.0,0.0,0.0,9.0,0.029996999999999996
813000,4114.0,0.0,0.0,0.0,0.0,4.0,4.0,0.0,0.0,0.0,0.0,8.0,0.026664
813100,9806.0,0.0,0.0,0.0,0.0,3.0,2.0,2.0,10.0,0.0,0.0,4.0,0.013332
813200,4518.0,0.0,0.0,0.0,0.0,0.0,0.0,2.0,12.0,0.0,0.0,4.0,0.013332
813301,3627.0,0.0,0.0,0.0,0.0,4.0,4.0,0.0,0.0,0.0,0.0,9.0,0.029996999999999996
813302,3075.0,0.0,0.0,0.0,0.0,10.0,12.0,0.0,0.0,0.0,0.0,25.0,0.083325
813400,8516.0,0.0,0.0,0.0,0.0,3.0,1.0,0.0,0.0,0.0,0.0,3.0,0.009999
813500,6323.0,0.0,0.0,0.0,0.0,2.0,1.0,0.0,0.0,0.0,0.0,3.0,0.009999
813600,5743.0,0.0,0.0,0.0,0.0,2.0,1.0,0.0,0.0,0.0,0.0,3.0,0.009999
813701,7030.0,0.0,0.0,0.0,0.0,2.0,2.0,2.0,17.0,0.0,0.0,5.0,0.016665
813702,9404.0,0.0,0.0,0.0,0.0,11.0,9.0,2.0,11.0,0.0,0.0,11.0,0.036663
813801,3318.0,0.0,0.0,0.0,0.0,15.0,17.0,0.0,0.0,0.0,0.0,34.0,0.113322
813802,4648.0,0.0,0.0,0.0,0.0,2.0,2.0,0.0,0.0,0.0,0.0,4.0,0.013332
813900,6889.0,0.0,0.0,0.0,0.0,2.0,1.0,0.0,0.0,0.0,0.0,3.0,0.009999
814000,4472.0,0.0,0.0,0.0,0.0,1.0,1.0,0.0,0.0,0.0,0.0,2.0,0.006666
814100,4459.0,0.0,0.0,0.0,0.0,1.0,1.0,0.0,0.0,0.0,0.0,2.0,0.006666
814200,7883.0,0.0,0.0,0.0,0.0,19.0,9.0,0.0,0.0,0.0,0.0,19.0,0.063327
814800,5930.0,0.0,0.0,0.0,0.0,7.0,4.0,0.0,0.0,0.0,0.0,9.0,0.029996999999999996
814900,5985.0,0.0,0.0,0.0,0.0,4.0,2.0,0.0,0.0,0.0,0.0,6.0,0.019998
815100,4973.0,0.0,0.0,0.0,0.0,4.0,3.0,0.0,0.0,0.0,0.0,7.0,0.023331
815600,5546.0,0.0,0.0,0.0,0.0,3.0,2.0,0.0,0.0,0.0,0.0,5.0,0.016665
816000,3500.0,0.0,0.0,0.0,0.0,0.0,0.0,2.0,17.0,0.0,0.0,5.0,0.016665
816100,11342.0,0.0,0.0,0.0,0.0,1.0,1.0,2.0,8.0,0.0,0.0,2.0,0.006666
820202,3386.0,0.0,0.0,0.0,0.0,2.0,2.0,0.0,0.0,0.0,0.0,5.0,0.016665
820300,5721.0,0.0,0.0,0.0,0.0,5.0,3.0,0.0,0.0,0.0,0.0,7.0,0.023331
820400,5377.0,0.0,0.0,0.0,0.0,16.0,11.0,0.0,0.0,0.0,0.0,23.0,0.076659
820502,5886.0,0.0,0.0,0.0,0.0,1.0,1.0,0.0,0.0,0.0,0.0,2.0,0.006666
820700,7074.0,0.0,0.0,0.0,0.0,1.0,1.0,0.0,0.0,0.0,0.0,2.0,0.006666
820901,5007.0,0.0,0.0,0.0,0.0,35.0,26.0,0.0,0.0,0.0,0.0,53.0,0.176649
820902,6020.0,0.0,0.0,0.0,0.0,11.0,7.0,0.0,0.0,0.0,0.0,14.0,0.046662
821200,5557.0,0.0,0.0,0.0,0.0,6.0,4.0,0.0,0.0,0.0,0.0,9.0,0.029996999999999996
821402,3210.0,0.0,0.0,0.0,0.0,4.0,5.0,0.0,0.0,0.0,0.0,10.0,0.03333
821600,4359.0,0.0,0.0,0.0,0.0,34.0,30.0,0.0,0.0,0.0,0.0,59.0,0.196647
821700,4956.0,0.0,0.0,0.0,0.0,7.0,5.0,0.0,0.0,0.0,0.0,11.0,0.036663
821800,5310.0,0.0,0.0,0.0,0.0,12.0,9.0,0.0,0.0,0.0,0.0,17.0,0.056661
821900,5259.0,0.0,0.0,0.0,0.0,12.0,9.0,0.0,0.0,0.0,0.0,18.0,0.05999399999999999
822000,4324.0,0.0,0.0,0.0,0.0,12.0,10.0,0.0,0.0,0.0,0.0,21.0,0.069993
822101,4569.0,0.0,0.0,0.0,0.0,1.0,1.0,0.0,0.0,0.0,0.0,2.0,0.006666
822102,4636.0,0.0,0.0,0.0,0.0,6.0,5.0,0.0,0.0,0.0,0.0,10.0,0.03333
822701,5000.0,0.0,0.0,0.0,0.0,3.0,2.0,0.0,0.0,0.0,0.0,5.0,0.016665
822702,3490.0,0.0,0.0,0.0,0.0,5.0,5.0,0.0,0.0,0.0,0.0,11.0,0.036663
822802,3750.0,0.0,0.0,0.0,0.0,5.0,5.0,0.0,0.0,0.0,0.0,11.0,0.036663
823304,6316.0,0.0,0.0,0.0,0.0,7.0,4.0,0.0,0.0,0.0,0.0,9.0,0.029996999999999996
825700,4085.0,0.0,0.0,0.0,0.0,1.0,1.0,0.0,0.0,0.0,0.0,2.0,0.006666
826700,4420.0,3.43,1.0,0.0,0.0,0.0,0.0,0.0,0.0,0.0,0.0,1.0,0.006666
830500,7976.0,0.0,0.0,0.0,0.0,30.0,29.0,0.0,0.0,1.0,4.0,30.0,0.09999
830600,14877.0,2.59,1.0,0.0,0.0,11.0,8.0,0.0,0.0,2.0,9.0,7.0,0.026664
830700,16324.0,3.12,1.0,0.0,0.0,23.0,21.0,4.0,34.0,2.0,12.0,14.0,0.049995000000000005
830800,7836.0,0.0,0.0,0.0,0.0,7.0,10.0,4.0,58.0,2.0,21.0,13.0,0.043329
830900,8859.0,2.18,1.0,0.0,0.0,21.0,27.0,0.0,0.0,1.0,7.0,19.0,0.06666
831000,8928.0,1.57,1.0,1.0,30.0,10.0,17.0,0.0,0.0,1.0,11.0,10.0,0.136653
831100,23118.0,2.1,1.0,0.0,0.0,30.0,15.0,0.0,0.0,2.0,5.0,11.0,0.039996000000000004
831200,4855.0,0.0,0.0,0.0,0.0,11.0,9.0,0.0,0.0,0.0,0.0,18.0,0.05999399999999999
831300,2160.0,0.0,0.0,0.0,0.0,17.0,60.0,0.0,0.0,1.0,27.0,63.0,0.209979
831400,8415.0,0.0,0.0,0.0,0.0,40.0,54.0,2.0,23.0,2.0,20.0,40.0,0.13332
831500,7770.0,0.0,0.0,1.0,13.0,25.0,24.0,0.0,0.0,0.0,0.0,25.0,0.126654
831600,29252.0,13.47,1.0,1.0,2.0,21.0,11.0,0.0,0.0,1.0,1.0,6.0,0.029997
831700,4364.0,0.0,0.0,0.0,0.0,18.0,31.0,0.0,0.0,1.0,11.0,33.0,0.109989
831800,20943.0,0.0,0.0,1.0,3.0,33.0,18.0,0.0,0.0,3.0,10.0,13.0,0.053328
831900,13048.0,0.38,1.0,0.0,0.0,7.0,8.0,2.0,19.0,5.0,46.0,9.0,0.03333
832000,1774.0,0.0,0.0,0.0,0.0,9.0,19.0,0.0,0.0,0.0,0.0,39.0,0.129987
832100,14324.0,2.42,1.0,0.0,0.0,13.0,14.0,4.0,40.0,2.0,15.0,10.0,0.036663
832200,5676.0,0.0,0.0,0.0,0.0,8.0,11.0,0.0,0.0,2.0,19.0,14.0,0.046662
832300,5730.0,3.46,1.0,0.0,0.0,19.0,38.0,0.0,0.0,4.0,65.0,31.0,0.106656
832400,6560.0,0.37,1.0,0.0,0.0,7.0,8.0,0.0,0.0,0.0,0.0,9.0,0.03333
832500,9540.0,0.41,1.0,0.0,0.0,10.0,12.0,0.0,0.0,1.0,7.0,9.0,0.03333
832600,13269.0,1.56,1.0,0.0,0.0,14.0,12.0,0.0,0.0,3.0,18.0,10.0,0.036663
832900,7656.0,9.620000000000001,2.0,0.0,0.0,9.0,18.0,2.0,37.0,2.0,30.0,13.0,0.049995
833000,25505.0,14.24,1.0,1.0,7.0,15.0,11.0,2.0,10.0,16.0,99.0,10.0,0.059994
833100,23982.0,8.959999999999999,1.0,0.0,0.0,27.0,13.0,0.0,0.0,4.0,13.0,10.0,0.036663
833300,8529.0,4.57,1.0,0.0,0.0,14.0,19.0,0.0,0.0,1.0,8.0,14.0,0.049995000000000005
833900,8451.0,20.27,3.0,1.0,22.0,10.0,13.0,0.0,0.0,0.0,0.0,9.0,0.11332199999999999
834000,6292.0,0.0,0.0,0.0,0.0,13.0,16.0,2.0,20.0,0.0,0.0,18.0,0.05999399999999999
834200,14964.0,0.49,1.0,0.0,0.0,32.0,24.0,0.0,0.0,2.0,9.0,18.0,0.063327
834300,25768.0,28.400000000000002,2.0,1.0,4.0,29.0,17.0,0.0,0.0,2.0,6.0,10.0,0.053328
834400,8090.0,1.08,1.0,0.0,0.0,11.0,10.0,0.0,0.0,0.0,0.0,11.0,0.039996000000000004
834500,1434.0,0.0,0.0,0.0,0.0,17.0,45.0,0.0,0.0,0.0,0.0,90.0,0.29997
834600,7935.0,6.4,2.0,1.0,47.0,36.0,86.0,2.0,46.0,1.0,17.0,37.0,0.28663799999999995
834700,3282.0,0.47,1.0,0.0,0.0,19.0,66.0,0.0,0.0,2.0,56.0,49.0,0.16665
834800,3474.0,0.52,1.0,0.0,0.0,12.0,26.0,0.0,0.0,0.0,0.0,26.0,0.089991
834900,2024.0,57.04,19.0,0.0,0.0,14.0,52.0,0.0,0.0,0.0,0.0,52.0,0.236643
835000,10858.0,0.0,0.0,0.0,0.0,20.0,14.0,0.0,0.0,2.0,8.0,16.0,0.053328
835100,14802.0,26.5,2.0,0.0,0.0,21.0,16.0,0.0,0.0,1.0,3.0,12.0,0.046661999999999995
835200,2157.0,0.0,0.0,0.0,0.0,22.0,39.0,0.0,0.0,0.0,0.0,77.0,0.256641
835500,5500.0,21.0,6.0,0.0,0.0,22.0,61.0,2.0,54.0,2.0,44.0,36.0,0.13998599999999997
835600,3352.0,0.61,1.0,0.0,0.0,22.0,100.0,2.0,94.0,1.0,35.0,57.0,0.19331399999999999
835800,5355.0,0.5,1.0,0.0,0.0,8.0,17.0,2.0,40.0,0.0,0.0,15.0,0.053328
836000,5568.0,0.16,1.0,0.0,0.0,12.0,16.0,0.0,0.0,0.0,0.0,17.0,0.059994000000000006
836100,4000.0,0.0,0.0,0.0,0.0,25.0,47.0,0.0,0.0,1.0,13.0,49.0,0.163317
836200,3138.0,0.0,0.0,0.0,0.0,19.0,46.0,0.0,0.0,5.0,100.0,58.0,0.19331399999999999
836300,3418.0,0.64,1.0,0.0,0.0,6.0,13.0,0.0,0.0,0.0,0.0,14.0,0.049995000000000005
836400,7782.0,3.5500000000000003,1.0,0.0,0.0,14.0,14.0,0.0,0.0,0.0,0.0,14.0,0.049995000000000005
836500,3460.0,10.29,2.0,0.0,0.0,4.0,9.0,0.0,0.0,0.0,0.0,9.0,0.036662999999999994
836600,6987.0,0.08,1.0,0.0,0.0,25.0,41.0,0.0,0.0,1.0,10.0,28.0,0.096657
836700,9036.0,2.09,1.0,1.0,30.0,29.0,49.0,0.0,0.0,2.0,25.0,26.0,0.189981
836800,10536.0,176.35,23.0,0.0,0.0,12.0,17.0,2.0,25.0,2.0,21.0,12.0,0.11665500000000001
836900,1879.0,0.0,0.0,0.0,0.0,6.0,12.0,0.0,0.0,0.0,0.0,24.0,0.079992
837000,3730.0,0.0,0.0,0.0,0.0,16.0,33.0,0.0,0.0,1.0,14.0,35.0,0.11665499999999998
837100,6616.0,0.63,1.0,0.0,0.0,12.0,27.0,4.0,95.0,2.0,36.0,21.0,0.073326
837300,8130.0,0.24,1.0,0.0,0.0,9.0,13.0,0.0,0.0,1.0,8.0,10.0,0.036663
837400,6612.0,4.48,1.0,0.0,0.0,19.0,33.0,0.0,0.0,2.0,26.0,24.0,0.083325
837800,7587.0,2.13,1.0,0.0,0.0,15.0,22.0,0.0,0.0,2.0,22.0,17.0,0.059994000000000006
838000,7836.0,3.26,1.0,1.0,24.0,18.0,26.0,0.0,0.0,0.0,0.0,18.0,0.14331899999999997
838100,4713.0,0.0,0.0,0.0,0.0,32.0,77.0,2.0,47.0,3.0,59.0,59.0,0.196647
838200,8000.0,2.63,1.0,0.0,0.0,53.0,100.0,2.0,35.0,4.0,62.0,56.0,0.189981
838300,6240.0,8.73,2.0,0.0,0.0,9.0,16.0,0.0,0.0,2.0,28.0,14.0,0.053328
838600,3316.0,0.0,0.0,0.0,0.0,8.0,18.0,0.0,0.0,1.0,16.0,21.0,0.069993
838700,12168.0,0.76,1.0,0.0,0.0,15.0,14.0,0.0,0.0,2.0,12.0,11.0,0.039996000000000004
838800,9303.0,463.35999999999996,51.0,0.0,0.0,21.0,26.0,0.0,0.0,2.0,17.0,19.0,0.23331
839000,30465.0,3.6399999999999997,1.0,0.0,0.0,14.0,5.0,0.0,0.0,5.0,12.0,5.0,0.019998
839100,33452.0,0.0,0.0,1.0,1.0,63.0,29.0,20.0,94.0,17.0,63.0,23.0,0.07999200000000001
839200,7419.0,21.91,3.0,0.0,0.0,19.0,29.0,0.0,0.0,1.0,9.0,21.0,0.079992
839500,4656.0,0.0,0.0,1.0,48.0,8.0,20.0,0.0,0.0,2.0,38.0,17.0,0.21664499999999998
839600,5535.0,0.99,1.0,0.0,0.0,13.0,27.0,0.0,0.0,1.0,14.0,19.0,0.06666
839700,20096.0,1.55,1.0,1.0,8.0,10.0,8.0,0.0,0.0,1.0,3.0,5.0,0.046661999999999995
839800,5406.0,0.07,1.0,0.0,0.0,9.0,13.0,0.0,0.0,0.0,0.0,13.0,0.046662
839900,14277.0,4.03,1.0,0.0,0.0,26.0,21.0,0.0,0.0,4.0,24.0,16.0,0.056661
840000,2731.0,0.0,0.0,0.0,0.0,9.0,12.0,0.0,0.0,0.0,0.0,25.0,0.083325
840100,6232.0,0.2,1.0,0.0,0.0,9.0,11.0,0.0,0.0,0.0,0.0,11.0,0.039996000000000004
840200,9260.0,37.35,6.0,0.0,0.0,15.0,25.0,2.0,30.0,1.0,10.0,15.0,0.069993
840300,11004.0,2.38,1.0,0.0,0.0,21.0,22.0,0.0,0.0,2.0,14.0,16.0,0.056661
840400,6854.0,1.42,1.0,0.0,0.0,25.0,28.0,0.0,0.0,0.0,0.0,28.0,0.096657
840700,12348.0,0.0,0.0,0.0,0.0,11.0,10.0,2.0,14.0,1.0,4.0,9.0,0.029996999999999996
840800,3373.0,0.0,0.0,0.0,0.0,8.0,9.0,0.0,0.0,0.0,0.0,18.0,0.05999399999999999
841000,2178.0,0.0,0.0,0.0,0.0,26.0,91.0,0.0,0.0,3.0,86.0,100.0,0.3333
841100,35325.0,0.45,1.0,1.0,2.0,32.0,17.0,2.0,5.0,5.0,19.0,9.0,0.039996
841200,13365.0,0.0,0.0,0.0,0.0,15.0,13.0,2.0,12.0,1.0,4.0,11.0,0.036663
841300,12999.0,0.53,1.0,0.0,0.0,20.0,17.0,0.0,0.0,2.0,11.0,13.0,0.046662
841500,9020.0,0.17,1.0,1.0,30.0,17.0,29.0,0.0,0.0,1.0,11.0,15.0,0.153318
841700,3369.0,0.2,1.0,0.0,0.0,7.0,24.0,0.0,0.0,1.0,25.0,18.0,0.063327
841800,9944.0,2.97,1.0,1.0,26.0,39.0,59.0,0.0,0.0,2.0,23.0,31.0,0.19331399999999999
841900,24724.0,17.53,1.0,0.0,0.0,46.0,28.0,4.0,20.0,10.0,49.0,19.0,0.06666
842000,9174.0,0.0,0.0,0.0,0.0,21.0,26.0,2.0,21.0,2.0,18.0,21.0,0.069993
842100,20391.0,8.01,1.0,0.0,0.0,26.0,14.0,0.0,0.0,2.0,6.0,11.0,0.039996000000000004
842200,14680.0,10.63,1.0,0.0,0.0,24.0,25.0,2.0,16.0,7.0,59.0,17.0,0.059994000000000006
842300,14712.0,8.85,1.0,0.0,0.0,35.0,36.0,2.0,16.0,4.0,32.0,21.0,0.073326
842400,12032.0,14.03,2.0,0.0,0.0,38.0,48.0,4.0,49.0,1.0,7.0,27.0,0.096657
842500,6987.0,0.75,1.0,0.0,0.0,25.0,41.0,0.0,0.0,1.0,10.0,28.0,0.096657
842600,17800.0,6.369999999999999,1.0,1.0,10.0,55.0,47.0,0.0,0.0,2.0,11.0,25.0,0.119988
842800,19860.0,17.6,1.0,0.0,0.0,30.0,17.0,0.0,0.0,3.0,11.0,13.0,0.046662
842900,8847.0,12.99,2.0,0.0,0.0,34.0,44.0,0.0,0.0,5.0,52.0,34.0,0.11998800000000001
843000,7527.0,7.27,1.0,0.0,0.0,25.0,38.0,0.0,0.0,3.0,35.0,28.0,0.096657
843100,4635.0,165.49,36.0,0.0,0.0,24.0,59.0,0.0,0.0,2.0,39.0,43.0,0.26330699999999996
843200,9104.0,7.630000000000001,2.0,0.0,0.0,46.0,77.0,2.0,30.0,3.0,39.0,43.0,0.149985
843300,3116.0,0.0,0.0,0.0,0.0,14.0,34.0,0.0,0.0,3.0,59.0,41.0,0.136653
843400,2198.0,0.0,0.0,0.0,0.0,12.0,41.0,0.0,0.0,1.0,26.0,45.0,0.149985
843500,31584.0,22.77,1.0,0.0,0.0,27.0,10.0,0.0,0.0,5.0,12.0,8.0,0.029997
843600,9564.0,0.25,1.0,0.0,0.0,12.0,14.0,0.0,0.0,2.0,17.0,11.0,0.039996000000000004
843700,7446.0,29.43,4.0,0.0,0.0,22.0,34.0,0.0,0.0,3.0,36.0,26.0,0.09999
843800,4275.0,4.42,2.0,0.0,0.0,19.0,51.0,0.0,0.0,1.0,19.0,36.0,0.126654
843900,9864.0,551.87,57.0,0.0,0.0,34.0,39.0,0.0,0.0,7.0,66.0,32.0,0.296637
844700,3146.0,0.08,1.0,0.0,0.0,0.0,0.0,4.0,100.0,0.0,0.0,10.0,0.036663
381700,,,,,,8.0,,0.0,,,,,
980000,,,,,,0.0,,2.0,,,,,
980100,,,,,,28.0,,2.0,,,,,
